#
# There is insufficient memory for the Java Runtime Environment to continue.
# Native memory allocation (malloc) failed to allocate 1558416 bytes. Error detail: Chunk::new
# Possible reasons:
#   The system is out of physical RAM or swap space
#   This process is running with CompressedOops enabled, and the Java Heap may be blocking the growth of the native heap
# Possible solutions:
#   Reduce memory load on the system
#   Increase physical memory or swap space
#   Check if swap backing store is full
#   Decrease Java heap size (-Xmx/-Xms)
#   Decrease number of Java threads
#   Decrease Java thread stack sizes (-Xss)
#   Set larger code cache with -XX:ReservedCodeCacheSize=
#   JVM is running with Unscaled Compressed Oops mode in which the Java heap is
#     placed in the first 4GB address space. The Java Heap base address is the
#     maximum limit for the native heap growth. Please use -XX:HeapBaseMinAddress
#     to set the Java Heap base and to place the Java Heap above 4GB virtual address.
# This output file may be truncated or incomplete.
#
#  Out of Memory Error (arena.cpp:168), pid=24248, tid=15560
#
# JRE version: OpenJDK Runtime Environment (21.0.8) (build 21.0.8+-14196175-b1038.72)
# Java VM: OpenJDK 64-Bit Server VM (21.0.8+-14196175-b1038.72, mixed mode, tiered, compressed oops, compressed class ptrs, g1 gc, windows-amd64)
# No core dump will be written. Minidumps are not enabled by default on client versions of Windows
#

---------------  S U M M A R Y ------------

Command Line: --add-opens=java.base/java.lang=ALL-UNNAMED --add-opens=java.base/java.lang.invoke=ALL-UNNAMED --add-opens=java.base/java.util=ALL-UNNAMED --add-opens=java.prefs/java.util.prefs=ALL-UNNAMED --add-exports=jdk.compiler/com.sun.tools.javac.api=ALL-UNNAMED --add-exports=jdk.compiler/com.sun.tools.javac.util=ALL-UNNAMED --add-opens=java.base/java.util=ALL-UNNAMED --add-opens=java.prefs/java.util.prefs=ALL-UNNAMED --add-opens=java.base/java.nio.charset=ALL-UNNAMED --add-opens=java.base/java.net=ALL-UNNAMED --add-opens=java.base/java.util.concurrent.atomic=ALL-UNNAMED --add-opens=java.xml/javax.xml.namespace=ALL-UNNAMED -Xmx2048m -Dfile.encoding=UTF-8 -Duser.country=MA -Duser.language=fr -Duser.variant -javaagent:C:\Users\Omar\.gradle\wrapper\dists\gradle-8.13-bin\5xuhj0ry160q40clulazy9h7d\gradle-8.13\lib\agents\gradle-instrumentation-agent-8.13.jar org.gradle.launcher.daemon.bootstrap.GradleDaemon 8.13

Host: Intel(R) Core(TM) i9-9880H CPU @ 2.30GHz, 16 cores, 31G,  Windows 11 , 64 bit Build 26100 (10.0.26100.7309)
Time: Sun Dec 21 22:40:05 2025 elapsed time: 48.624279 seconds (0d 0h 0m 48s)

---------------  T H R E A D  ---------------

Current thread (0x000001ce61324120):  JavaThread "C2 CompilerThread7" daemon [_thread_in_native, id=15560, stack(0x000000099f600000,0x000000099f700000) (1024K)]


Current CompileTask:
C2:48624 31401       4       com.android.tools.r8.internal.fg::c (2346 bytes)

Stack: [0x000000099f600000,0x000000099f700000]
Native frames: (J=compiled Java code, j=interpreted, Vv=VM code, C=native code)
V  [jvm.dll+0x6d68d9]
V  [jvm.dll+0x866693]
V  [jvm.dll+0x868c4e]
V  [jvm.dll+0x869333]
V  [jvm.dll+0x280566]
V  [jvm.dll+0xc07cd]
V  [jvm.dll+0xc0d03]
V  [jvm.dll+0x3b95e1]
V  [jvm.dll+0x1dfb24]
V  [jvm.dll+0x2493a4]
V  [jvm.dll+0x248821]
V  [jvm.dll+0x1c73a4]
V  [jvm.dll+0x257f9e]
V  [jvm.dll+0x2564e6]
V  [jvm.dll+0x3f4696]
V  [jvm.dll+0x80eac8]
V  [jvm.dll+0x6d512d]
C  [ucrtbase.dll+0x37b0]
C  [KERNEL32.DLL+0x2e8d7]
C  [ntdll.dll+0x8c53c]


---------------  P R O C E S S  ---------------

Threads class SMR info:
_java_thread_list=0x000001ce65d80ed0, length=273, elements={
0x000001ce34c83b20, 0x000001ce4f5d9e10, 0x000001ce4f5dd570, 0x000001ce4f5f0380,
0x000001ce4f602e50, 0x000001ce4f6034c0, 0x000001ce4f603f20, 0x000001ce4f605120,
0x000001ce4f625ff0, 0x000001ce4f637240, 0x000001ce541f8870, 0x000001ce55f31900,
0x000001ce56048980, 0x000001ce56417660, 0x000001ce560f6db0, 0x000001ce560f77f0,
0x000001ce5611e6e0, 0x000001ce561ba790, 0x000001ce561b79a0, 0x000001ce561b7310,
0x000001ce561b8030, 0x000001ce561b86c0, 0x000001ce561b93e0, 0x000001ce561b9a70,
0x000001ce561b8d50, 0x000001ce575f6d70, 0x000001ce575f7400, 0x000001ce575f7a90,
0x000001ce575f66e0, 0x000001ce575f6050, 0x000001ce575f94d0, 0x000001ce575f9b60,
0x000001ce575fa880, 0x000001ce575f8120, 0x000001ce575fa1f0, 0x000001ce575fb5a0,
0x000001ce575f87b0, 0x000001ce575fcfe0, 0x000001ce575fbc30, 0x000001ce575fd670,
0x000001ce575fc2c0, 0x000001ce575fc950, 0x000001ce578d35c0, 0x000001ce578d0e60,
0x000001ce578d2f30, 0x000001ce578d14f0, 0x000001ce578d28a0, 0x000001ce578d0140,
0x000001ce578d3c50, 0x000001ce578d07d0, 0x000001ce578d4970, 0x000001ce578d42e0,
0x000001ce578d5000, 0x000001ce578d1b80, 0x000001ce578d5690, 0x000001ce578d7760,
0x000001ce578d5d20, 0x000001ce578d63b0, 0x000001ce595cf6e0, 0x000001ce595ce9c0,
0x000001ce595ccf80, 0x000001ce595cc260, 0x000001ce595cfd70, 0x000001ce595cd610,
0x000001ce595cc8f0, 0x000001ce595d0400, 0x000001ce595d0a90, 0x000001ce595d1120,
0x000001ce595cdca0, 0x000001ce595d17b0, 0x000001ce595ce330, 0x000001ce595d1e40,
0x000001ce595d24d0, 0x000001ce595cf050, 0x000001ce595d2b60, 0x000001ce595d31f0,
0x000001ce595d3880, 0x000001ce5afbac30, 0x000001ce5afb91f0, 0x000001ce5afbb950,
0x000001ce5afb84d0, 0x000001ce5afbbfe0, 0x000001ce5afb9880, 0x000001ce5afbb2c0,
0x000001ce5afb8b60, 0x000001ce5afbc670, 0x000001ce5afba5a0, 0x000001ce5afbda20,
0x000001ce5afbe740, 0x000001ce5afbe0b0, 0x000001ce5afbedd0, 0x000001ce5afbcd00,
0x000001ce5afbf460, 0x000001ce5afbfaf0, 0x000001ce57e5a9d0, 0x000001ce57e5b6f0,
0x000001ce57e5bd80, 0x000001ce57e5c410, 0x000001ce57e59620, 0x000001ce57e5caa0,
0x000001ce59c637c0, 0x000001ce59c63e50, 0x000001ce59c65200, 0x000001ce59040360,
0x000001ce5903f640, 0x000001ce5a0db330, 0x000001ce5a0dee40, 0x000001ce5a0df4d0,
0x000001ce5a0dc050, 0x000001ce5a0dfb60, 0x000001ce576ab150, 0x000001ce576a8360,
0x000001ce576ab7e0, 0x000001ce576aa430, 0x000001ce576a9da0, 0x000001ce576a89f0,
0x000001ce576aaac0, 0x000001ce576a9080, 0x000001ce576a9710, 0x000001ce58fb5bc0,
0x000001ce58fb68e0, 0x000001ce58fb6f70, 0x000001ce58fb5530, 0x000001ce58fb6250,
0x000001ce58fb7600, 0x000001ce58fb7c90, 0x000001ce58fb8320, 0x000001ce58fb4ea0,
0x000001ce58fbb110, 0x000001ce58fb9d60, 0x000001ce58fba3f0, 0x000001ce58fb9040,
0x000001ce58fbaa80, 0x000001ce58fbb7a0, 0x000001ce58fbbe30, 0x000001ce58fb96d0,
0x000001ce58fb89b0, 0x000001ce58fbd1e0, 0x000001ce58fbe590, 0x000001ce58fbc4c0,
0x000001ce58fbec20, 0x000001ce58fbf2b0, 0x000001ce58fbf940, 0x000001ce58fc0cf0,
0x000001ce58fbffd0, 0x000001ce58fbdf00, 0x000001ce58fc0660, 0x000001ce58fbd870,
0x000001ce58fc1380, 0x000001ce58fc1a10, 0x000001ce58fc2730, 0x000001ce58fc2dc0,
0x000001ce58fc20a0, 0x000001ce59042430, 0x000001ce59041080, 0x000001ce5903fcd0,
0x000001ce59041710, 0x000001ce59041da0, 0x000001ce5903efb0, 0x000001ce59043150,
0x000001ce59044500, 0x000001ce59045f40, 0x000001ce59042ac0, 0x000001ce590437e0,
0x000001ce590465d0, 0x000001ce59044b90, 0x000001ce59045220, 0x000001ce59c68d10,
0x000001ce59c65f20, 0x000001ce59c693a0, 0x000001ce59c69a30, 0x000001ce59c665b0,
0x000001ce59c68680, 0x000001ce59c66c40, 0x000001ce60da5ef0, 0x000001ce60da6580,
0x000001ce60da51d0, 0x000001ce60da4b40, 0x000001ce60da44b0, 0x000001ce60da6c10,
0x000001ce60da5860, 0x000001ce60da72a0, 0x000001ce60da3e20, 0x000001ce60daa720,
0x000001ce60da9370, 0x000001ce60daa090, 0x000001ce60da9a00, 0x000001ce60da8ce0,
0x000001ce60daadb0, 0x000001ce60da8650, 0x000001ce60da7930, 0x000001ce60dab440,
0x000001ce60da7fc0, 0x000001ce60dac7f0, 0x000001ce60dad510, 0x000001ce60daef50,
0x000001ce60dae230, 0x000001ce60dae8c0, 0x000001ce60daf5e0, 0x000001ce60dadba0,
0x000001ce60dac160, 0x000001ce60dabad0, 0x000001ce60db16b0, 0x000001ce60db1d40,
0x000001ce60db23d0, 0x000001ce60dafc70, 0x000001ce60db0990, 0x000001ce60db0300,
0x000001ce60db1020, 0x000001ce60db2a60, 0x000001ce60db30f0, 0x000001ce5a0dda90,
0x000001ce602281b0, 0x000001ce60229560, 0x000001ce60226770, 0x000001ce60227490,
0x000001ce60228840, 0x000001ce60228ed0, 0x000001ce602260e0, 0x000001ce60226e00,
0x000001ce60229bf0, 0x000001ce6022a910, 0x000001ce6022afa0, 0x000001ce629f8710,
0x000001ce629fae70, 0x000001ce629f8da0, 0x000001ce629f8080, 0x000001ce629fdc60,
0x000001ce629fbb90, 0x000001ce629fc220, 0x000001ce629ff010, 0x000001ce629ffd30,
0x000001ce629fc8b0, 0x000001ce62a003c0, 0x000001ce629fe2f0, 0x000001ce629fd5d0,
0x000001ce62a010e0, 0x000001ce62a01770, 0x000001ce6022e420, 0x000001ce6022bcc0,
0x000001ce6022c350, 0x000001ce6022b630, 0x000001ce6022f140, 0x000001ce6022fe60,
0x000001ce6022f7d0, 0x000001ce6022c9e0, 0x000001ce60231210, 0x000001ce60232c50,
0x000001ce602318a0, 0x000001ce60231f30, 0x000001ce602332e0, 0x000001ce602325c0,
0x000001ce60233970, 0x000001ce602304f0, 0x000001ce60234000, 0x000001ce60230b80,
0x000001ce60234d20, 0x000001ce6a8d96b0, 0x000001ce6a8d9d40, 0x000001ce6a8d68c0,
0x000001ce6a8dcb30, 0x000001ce6a8dd850, 0x000001ce6a8dd1c0, 0x000001ce61321f10,
0x000001ce6131e890, 0x000001ce613225e0, 0x000001ce6a8ddee0, 0x000001ce61323380,
0x000001ce61323a50, 0x000001ce613203d0, 0x000001ce613247f0, 0x000001ce61324120,
0x000001ce61324ec0
}

Java Threads: ( => current thread )
  0x000001ce34c83b20 JavaThread "main"                              [_thread_blocked, id=21736, stack(0x000000098cf00000,0x000000098d000000) (1024K)]
  0x000001ce4f5d9e10 JavaThread "Common-Cleaner"             daemon [_thread_blocked, id=20200, stack(0x000000098d700000,0x000000098d800000) (1024K)]
  0x000001ce4f5dd570 JavaThread "Reference Handler"          daemon [_thread_blocked, id=4744, stack(0x000000098d800000,0x000000098d900000) (1024K)]
  0x000001ce4f5f0380 JavaThread "Finalizer"                  daemon [_thread_blocked, id=20404, stack(0x000000098d900000,0x000000098da00000) (1024K)]
  0x000001ce4f602e50 JavaThread "Signal Dispatcher"          daemon [_thread_blocked, id=30872, stack(0x000000098da00000,0x000000098db00000) (1024K)]
  0x000001ce4f6034c0 JavaThread "Attach Listener"            daemon [_thread_blocked, id=32484, stack(0x000000098db00000,0x000000098dc00000) (1024K)]
  0x000001ce4f603f20 JavaThread "Service Thread"             daemon [_thread_blocked, id=19992, stack(0x000000098dc00000,0x000000098dd00000) (1024K)]
  0x000001ce4f605120 JavaThread "Monitor Deflation Thread"   daemon [_thread_blocked, id=32424, stack(0x000000098dd00000,0x000000098de00000) (1024K)]
  0x000001ce4f625ff0 JavaThread "C2 CompilerThread0"         daemon [_thread_in_native, id=22980, stack(0x000000098de00000,0x000000098df00000) (1024K)]
  0x000001ce4f637240 JavaThread "C1 CompilerThread0"         daemon [_thread_blocked, id=16252, stack(0x000000098df00000,0x000000098e000000) (1024K)]
  0x000001ce541f8870 JavaThread "Notification Thread"        daemon [_thread_blocked, id=17320, stack(0x000000098e300000,0x000000098e400000) (1024K)]
  0x000001ce55f31900 JavaThread "Daemon health stats"               [_thread_blocked, id=11472, stack(0x000000098e500000,0x000000098e600000) (1024K)]
  0x000001ce56048980 JavaThread "Incoming local TCP Connector on port 63920"        [_thread_in_native, id=11576, stack(0x000000098e600000,0x000000098e700000) (1024K)]
  0x000001ce56417660 JavaThread "Daemon periodic checks"            [_thread_blocked, id=31112, stack(0x000000098f300000,0x000000098f400000) (1024K)]
  0x000001ce560f6db0 JavaThread "Daemon"                            [_thread_blocked, id=31496, stack(0x000000098f400000,0x000000098f500000) (1024K)]
  0x000001ce560f77f0 JavaThread "Handler for socket connection from /127.0.0.1:63920 to /127.0.0.1:63921"        [_thread_in_native, id=14556, stack(0x000000098f500000,0x000000098f600000) (1024K)]
  0x000001ce5611e6e0 JavaThread "Cancel handler"                    [_thread_blocked, id=31836, stack(0x000000098f600000,0x000000098f700000) (1024K)]
  0x000001ce561ba790 JavaThread "Daemon worker"                     [_thread_blocked, id=31028, stack(0x000000098f700000,0x000000098f800000) (1024K)]
  0x000001ce561b79a0 JavaThread "Asynchronous log dispatcher for DefaultDaemonConnection: socket connection from /127.0.0.1:63920 to /127.0.0.1:63921"        [_thread_blocked, id=22452, stack(0x000000098f800000,0x000000098f900000) (1024K)]
  0x000001ce561b7310 JavaThread "Stdin handler"                     [_thread_blocked, id=36052, stack(0x000000098f900000,0x000000098fa00000) (1024K)]
  0x000001ce561b8030 JavaThread "Daemon client event forwarder"        [_thread_blocked, id=31392, stack(0x000000098fa00000,0x000000098fb00000) (1024K)]
  0x000001ce561b86c0 JavaThread "Cache worker for journal cache (C:\Users\Omar\.gradle\caches\journal-1)"        [_thread_blocked, id=20416, stack(0x000000098fe00000,0x000000098ff00000) (1024K)]
  0x000001ce561b93e0 JavaThread "File lock request listener"        [_thread_in_native, id=23636, stack(0x000000098ff00000,0x0000000990000000) (1024K)]
  0x000001ce561b9a70 JavaThread "Cache worker for file hash cache (C:\Users\Omar\.gradle\caches\8.13\fileHashes)"        [_thread_blocked, id=7096, stack(0x0000000990000000,0x0000000990100000) (1024K)]
  0x000001ce561b8d50 JavaThread "Cache worker for file hash cache (C:\Users\Omar\AndroidStudioProjects\M205\.gradle\8.13\fileHashes)"        [_thread_blocked, id=13156, stack(0x0000000990200000,0x0000000990300000) (1024K)]
  0x000001ce575f6d70 JavaThread "Cache worker for Build Output Cleanup Cache (C:\Users\Omar\AndroidStudioProjects\M205\.gradle\buildOutputCleanup)"        [_thread_blocked, id=16232, stack(0x0000000990300000,0x0000000990400000) (1024K)]
  0x000001ce575f7400 JavaThread "File watcher server"        daemon [_thread_in_native, id=3244, stack(0x0000000990400000,0x0000000990500000) (1024K)]
  0x000001ce575f7a90 JavaThread "File watcher consumer"      daemon [_thread_blocked, id=12600, stack(0x0000000990500000,0x0000000990600000) (1024K)]
  0x000001ce575f66e0 JavaThread "jar transforms"                    [_thread_blocked, id=34096, stack(0x0000000990600000,0x0000000990700000) (1024K)]
  0x000001ce575f6050 JavaThread "jar transforms Thread 2"           [_thread_blocked, id=8900, stack(0x0000000990700000,0x0000000990800000) (1024K)]
  0x000001ce575f94d0 JavaThread "Cache worker for checksums cache (C:\Users\Omar\AndroidStudioProjects\M205\.gradle\8.13\checksums)"        [_thread_blocked, id=28680, stack(0x0000000990900000,0x0000000990a00000) (1024K)]
  0x000001ce575f9b60 JavaThread "Cache worker for file content cache (C:\Users\Omar\.gradle\caches\8.13\fileContent)"        [_thread_blocked, id=29388, stack(0x0000000990a00000,0x0000000990b00000) (1024K)]
  0x000001ce575fa880 JavaThread "jar transforms Thread 3"           [_thread_blocked, id=29320, stack(0x0000000990b00000,0x0000000990c00000) (1024K)]
  0x000001ce575f8120 JavaThread "Cache worker for cache directory md-supplier (C:\Users\Omar\.gradle\caches\8.13\md-supplier)"        [_thread_blocked, id=19648, stack(0x0000000990c00000,0x0000000990d00000) (1024K)]
  0x000001ce575fa1f0 JavaThread "Cache worker for cache directory md-rule (C:\Users\Omar\.gradle\caches\8.13\md-rule)"        [_thread_blocked, id=28636, stack(0x0000000990d00000,0x0000000990e00000) (1024K)]
  0x000001ce575fb5a0 JavaThread "Unconstrained build operations"        [_thread_blocked, id=22324, stack(0x0000000990e00000,0x0000000990f00000) (1024K)]
  0x000001ce575f87b0 JavaThread "Unconstrained build operations Thread 2"        [_thread_blocked, id=32088, stack(0x0000000990f00000,0x0000000991000000) (1024K)]
  0x000001ce575fcfe0 JavaThread "Unconstrained build operations Thread 3"        [_thread_blocked, id=12384, stack(0x0000000991000000,0x0000000991100000) (1024K)]
  0x000001ce575fbc30 JavaThread "Unconstrained build operations Thread 4"        [_thread_blocked, id=36600, stack(0x0000000991100000,0x0000000991200000) (1024K)]
  0x000001ce575fd670 JavaThread "Unconstrained build operations Thread 5"        [_thread_blocked, id=35928, stack(0x0000000991200000,0x0000000991300000) (1024K)]
  0x000001ce575fc2c0 JavaThread "Unconstrained build operations Thread 6"        [_thread_blocked, id=10536, stack(0x0000000991300000,0x0000000991400000) (1024K)]
  0x000001ce575fc950 JavaThread "Unconstrained build operations Thread 7"        [_thread_blocked, id=28096, stack(0x0000000991400000,0x0000000991500000) (1024K)]
  0x000001ce578d35c0 JavaThread "Unconstrained build operations Thread 8"        [_thread_blocked, id=12428, stack(0x0000000991500000,0x0000000991600000) (1024K)]
  0x000001ce578d0e60 JavaThread "Unconstrained build operations Thread 9"        [_thread_blocked, id=488, stack(0x0000000991600000,0x0000000991700000) (1024K)]
  0x000001ce578d2f30 JavaThread "Unconstrained build operations Thread 10"        [_thread_blocked, id=33296, stack(0x0000000991700000,0x0000000991800000) (1024K)]
  0x000001ce578d14f0 JavaThread "jar transforms Thread 4"           [_thread_blocked, id=29384, stack(0x0000000991800000,0x0000000991900000) (1024K)]
  0x000001ce578d28a0 JavaThread "jar transforms Thread 5"           [_thread_blocked, id=21404, stack(0x0000000990800000,0x0000000990900000) (1024K)]
  0x000001ce578d0140 JavaThread "Unconstrained build operations Thread 11"        [_thread_blocked, id=18156, stack(0x0000000991900000,0x0000000991a00000) (1024K)]
  0x000001ce578d3c50 JavaThread "Unconstrained build operations Thread 12"        [_thread_blocked, id=17712, stack(0x0000000991a00000,0x0000000991b00000) (1024K)]
  0x000001ce578d07d0 JavaThread "Unconstrained build operations Thread 13"        [_thread_blocked, id=33948, stack(0x0000000991b00000,0x0000000991c00000) (1024K)]
  0x000001ce578d4970 JavaThread "Unconstrained build operations Thread 14"        [_thread_blocked, id=4772, stack(0x0000000991c00000,0x0000000991d00000) (1024K)]
  0x000001ce578d42e0 JavaThread "Unconstrained build operations Thread 15"        [_thread_blocked, id=32976, stack(0x0000000991d00000,0x0000000991e00000) (1024K)]
  0x000001ce578d5000 JavaThread "jar transforms Thread 6"           [_thread_blocked, id=12996, stack(0x0000000991e00000,0x0000000991f00000) (1024K)]
  0x000001ce578d1b80 JavaThread "jar transforms Thread 7"           [_thread_blocked, id=35032, stack(0x0000000991f00000,0x0000000992000000) (1024K)]
  0x000001ce578d5690 JavaThread "jar transforms Thread 8"           [_thread_blocked, id=8324, stack(0x0000000992000000,0x0000000992100000) (1024K)]
  0x000001ce578d7760 JavaThread "Unconstrained build operations Thread 16"        [_thread_blocked, id=2560, stack(0x0000000990100000,0x0000000990200000) (1024K)]
  0x000001ce578d5d20 JavaThread "Unconstrained build operations Thread 17"        [_thread_blocked, id=35088, stack(0x0000000992100000,0x0000000992200000) (1024K)]
  0x000001ce578d63b0 JavaThread "Unconstrained build operations Thread 18"        [_thread_blocked, id=18648, stack(0x0000000992200000,0x0000000992300000) (1024K)]
  0x000001ce595cf6e0 JavaThread "Unconstrained build operations Thread 19"        [_thread_blocked, id=36428, stack(0x0000000992300000,0x0000000992400000) (1024K)]
  0x000001ce595ce9c0 JavaThread "Unconstrained build operations Thread 20"        [_thread_blocked, id=19796, stack(0x0000000992400000,0x0000000992500000) (1024K)]
  0x000001ce595ccf80 JavaThread "Unconstrained build operations Thread 21"        [_thread_blocked, id=9312, stack(0x0000000992500000,0x0000000992600000) (1024K)]
  0x000001ce595cc260 JavaThread "Unconstrained build operations Thread 22"        [_thread_blocked, id=31456, stack(0x0000000992600000,0x0000000992700000) (1024K)]
  0x000001ce595cfd70 JavaThread "Unconstrained build operations Thread 23"        [_thread_blocked, id=34448, stack(0x0000000992700000,0x0000000992800000) (1024K)]
  0x000001ce595cd610 JavaThread "Unconstrained build operations Thread 24"        [_thread_blocked, id=30860, stack(0x0000000992800000,0x0000000992900000) (1024K)]
  0x000001ce595cc8f0 JavaThread "Unconstrained build operations Thread 25"        [_thread_blocked, id=24800, stack(0x0000000992900000,0x0000000992a00000) (1024K)]
  0x000001ce595d0400 JavaThread "Unconstrained build operations Thread 26"        [_thread_blocked, id=25264, stack(0x0000000992a00000,0x0000000992b00000) (1024K)]
  0x000001ce595d0a90 JavaThread "Unconstrained build operations Thread 27"        [_thread_blocked, id=32608, stack(0x0000000992b00000,0x0000000992c00000) (1024K)]
  0x000001ce595d1120 JavaThread "Unconstrained build operations Thread 28"        [_thread_blocked, id=29796, stack(0x0000000992c00000,0x0000000992d00000) (1024K)]
  0x000001ce595cdca0 JavaThread "Unconstrained build operations Thread 29"        [_thread_blocked, id=11804, stack(0x0000000992d00000,0x0000000992e00000) (1024K)]
  0x000001ce595d17b0 JavaThread "Unconstrained build operations Thread 30"        [_thread_blocked, id=32912, stack(0x0000000992e00000,0x0000000992f00000) (1024K)]
  0x000001ce595ce330 JavaThread "Unconstrained build operations Thread 31"        [_thread_blocked, id=6376, stack(0x0000000992f00000,0x0000000993000000) (1024K)]
  0x000001ce595d1e40 JavaThread "Unconstrained build operations Thread 32"        [_thread_blocked, id=20000, stack(0x0000000993000000,0x0000000993100000) (1024K)]
  0x000001ce595d24d0 JavaThread "Unconstrained build operations Thread 33"        [_thread_blocked, id=36596, stack(0x0000000993100000,0x0000000993200000) (1024K)]
  0x000001ce595cf050 JavaThread "Unconstrained build operations Thread 34"        [_thread_blocked, id=15440, stack(0x0000000993200000,0x0000000993300000) (1024K)]
  0x000001ce595d2b60 JavaThread "Unconstrained build operations Thread 35"        [_thread_blocked, id=2672, stack(0x0000000993300000,0x0000000993400000) (1024K)]
  0x000001ce595d31f0 JavaThread "Unconstrained build operations Thread 36"        [_thread_blocked, id=27860, stack(0x0000000993400000,0x0000000993500000) (1024K)]
  0x000001ce595d3880 JavaThread "Unconstrained build operations Thread 37"        [_thread_blocked, id=31756, stack(0x0000000993500000,0x0000000993600000) (1024K)]
  0x000001ce5afbac30 JavaThread "Unconstrained build operations Thread 38"        [_thread_blocked, id=33872, stack(0x0000000993600000,0x0000000993700000) (1024K)]
  0x000001ce5afb91f0 JavaThread "Unconstrained build operations Thread 39"        [_thread_blocked, id=25200, stack(0x0000000993700000,0x0000000993800000) (1024K)]
  0x000001ce5afbb950 JavaThread "Unconstrained build operations Thread 40"        [_thread_blocked, id=3496, stack(0x0000000993800000,0x0000000993900000) (1024K)]
  0x000001ce5afb84d0 JavaThread "Unconstrained build operations Thread 41"        [_thread_blocked, id=25796, stack(0x0000000993900000,0x0000000993a00000) (1024K)]
  0x000001ce5afbbfe0 JavaThread "Unconstrained build operations Thread 42"        [_thread_blocked, id=16656, stack(0x0000000993a00000,0x0000000993b00000) (1024K)]
  0x000001ce5afb9880 JavaThread "Unconstrained build operations Thread 43"        [_thread_blocked, id=34248, stack(0x0000000993b00000,0x0000000993c00000) (1024K)]
  0x000001ce5afbb2c0 JavaThread "Unconstrained build operations Thread 44"        [_thread_blocked, id=17732, stack(0x0000000993c00000,0x0000000993d00000) (1024K)]
  0x000001ce5afb8b60 JavaThread "Unconstrained build operations Thread 45"        [_thread_blocked, id=35516, stack(0x0000000993d00000,0x0000000993e00000) (1024K)]
  0x000001ce5afbc670 JavaThread "Unconstrained build operations Thread 46"        [_thread_blocked, id=34184, stack(0x0000000993e00000,0x0000000993f00000) (1024K)]
  0x000001ce5afba5a0 JavaThread "Unconstrained build operations Thread 47"        [_thread_blocked, id=22196, stack(0x0000000993f00000,0x0000000994000000) (1024K)]
  0x000001ce5afbda20 JavaThread "Unconstrained build operations Thread 48"        [_thread_blocked, id=12340, stack(0x0000000994000000,0x0000000994100000) (1024K)]
  0x000001ce5afbe740 JavaThread "Unconstrained build operations Thread 49"        [_thread_blocked, id=26748, stack(0x0000000994100000,0x0000000994200000) (1024K)]
  0x000001ce5afbe0b0 JavaThread "Unconstrained build operations Thread 50"        [_thread_blocked, id=34524, stack(0x0000000994200000,0x0000000994300000) (1024K)]
  0x000001ce5afbedd0 JavaThread "Unconstrained build operations Thread 51"        [_thread_blocked, id=27776, stack(0x0000000994300000,0x0000000994400000) (1024K)]
  0x000001ce5afbcd00 JavaThread "Unconstrained build operations Thread 52"        [_thread_blocked, id=12152, stack(0x0000000994400000,0x0000000994500000) (1024K)]
  0x000001ce5afbf460 JavaThread "Unconstrained build operations Thread 53"        [_thread_blocked, id=36436, stack(0x0000000994500000,0x0000000994600000) (1024K)]
  0x000001ce5afbfaf0 JavaThread "Unconstrained build operations Thread 54"        [_thread_blocked, id=32648, stack(0x0000000994600000,0x0000000994700000) (1024K)]
  0x000001ce57e5a9d0 JavaThread "Unconstrained build operations Thread 55"        [_thread_blocked, id=17364, stack(0x0000000994700000,0x0000000994800000) (1024K)]
  0x000001ce57e5b6f0 JavaThread "Unconstrained build operations Thread 56"        [_thread_blocked, id=25844, stack(0x0000000994800000,0x0000000994900000) (1024K)]
  0x000001ce57e5bd80 JavaThread "Unconstrained build operations Thread 57"        [_thread_blocked, id=26208, stack(0x0000000994900000,0x0000000994a00000) (1024K)]
  0x000001ce57e5c410 JavaThread "Unconstrained build operations Thread 58"        [_thread_blocked, id=1200, stack(0x0000000994a00000,0x0000000994b00000) (1024K)]
  0x000001ce57e59620 JavaThread "Unconstrained build operations Thread 59"        [_thread_blocked, id=3808, stack(0x0000000994b00000,0x0000000994c00000) (1024K)]
  0x000001ce57e5caa0 JavaThread "Unconstrained build operations Thread 60"        [_thread_blocked, id=28784, stack(0x0000000994c00000,0x0000000994d00000) (1024K)]
  0x000001ce59c637c0 JavaThread "build event listener"              [_thread_blocked, id=25788, stack(0x000000098e700000,0x000000098e800000) (1024K)]
  0x000001ce59c63e50 JavaThread "Memory manager"                    [_thread_blocked, id=248, stack(0x0000000994e00000,0x0000000994f00000) (1024K)]
  0x000001ce59c65200 JavaThread "build event listener"              [_thread_blocked, id=26728, stack(0x0000000994f00000,0x0000000995000000) (1024K)]
  0x000001ce59040360 JavaThread "pool-3-thread-1"                   [_thread_blocked, id=30528, stack(0x0000000995200000,0x0000000995300000) (1024K)]
  0x000001ce5903f640 JavaThread "build event listener"              [_thread_blocked, id=13064, stack(0x0000000995300000,0x0000000995400000) (1024K)]
  0x000001ce5a0db330 JavaThread "included builds"                   [_thread_blocked, id=6764, stack(0x0000000995400000,0x0000000995500000) (1024K)]
  0x000001ce5a0dee40 JavaThread "Execution worker"                  [_thread_blocked, id=35280, stack(0x0000000995500000,0x0000000995600000) (1024K)]
  0x000001ce5a0df4d0 JavaThread "Execution worker Thread 2"         [_thread_blocked, id=30792, stack(0x0000000995600000,0x0000000995700000) (1024K)]
  0x000001ce5a0dc050 JavaThread "Execution worker Thread 3"         [_thread_blocked, id=31336, stack(0x0000000995700000,0x0000000995800000) (1024K)]
  0x000001ce5a0dfb60 JavaThread "Execution worker Thread 4"         [_thread_blocked, id=22308, stack(0x0000000995800000,0x0000000995900000) (1024K)]
  0x000001ce576ab150 JavaThread "Execution worker Thread 5"         [_thread_blocked, id=25444, stack(0x0000000995900000,0x0000000995a00000) (1024K)]
  0x000001ce576a8360 JavaThread "Execution worker Thread 6"         [_thread_blocked, id=35152, stack(0x0000000995a00000,0x0000000995b00000) (1024K)]
  0x000001ce576ab7e0 JavaThread "Execution worker Thread 7"         [_thread_blocked, id=12788, stack(0x0000000995b00000,0x0000000995c00000) (1024K)]
  0x000001ce576aa430 JavaThread "Execution worker Thread 8"         [_thread_blocked, id=9840, stack(0x0000000995c00000,0x0000000995d00000) (1024K)]
  0x000001ce576a9da0 JavaThread "Execution worker Thread 9"         [_thread_blocked, id=4024, stack(0x0000000995d00000,0x0000000995e00000) (1024K)]
  0x000001ce576a89f0 JavaThread "Execution worker Thread 10"        [_thread_blocked, id=12684, stack(0x0000000995e00000,0x0000000995f00000) (1024K)]
  0x000001ce576aaac0 JavaThread "Execution worker Thread 11"        [_thread_blocked, id=35828, stack(0x0000000995f00000,0x0000000996000000) (1024K)]
  0x000001ce576a9080 JavaThread "Execution worker Thread 12"        [_thread_blocked, id=31060, stack(0x0000000996000000,0x0000000996100000) (1024K)]
  0x000001ce576a9710 JavaThread "Execution worker Thread 13"        [_thread_blocked, id=33076, stack(0x0000000996100000,0x0000000996200000) (1024K)]
  0x000001ce58fb5bc0 JavaThread "Execution worker Thread 14"        [_thread_blocked, id=20320, stack(0x0000000996200000,0x0000000996300000) (1024K)]
  0x000001ce58fb68e0 JavaThread "Execution worker Thread 15"        [_thread_blocked, id=11220, stack(0x0000000996300000,0x0000000996400000) (1024K)]
  0x000001ce58fb6f70 JavaThread "Cache worker for execution history cache (C:\Users\Omar\AndroidStudioProjects\M205\.gradle\8.13\executionHistory)"        [_thread_blocked, id=25260, stack(0x0000000996400000,0x0000000996500000) (1024K)]
  0x000001ce58fb5530 JavaThread "Unconstrained build operations Thread 61"        [_thread_blocked, id=16756, stack(0x0000000996500000,0x0000000996600000) (1024K)]
  0x000001ce58fb6250 JavaThread "Unconstrained build operations Thread 62"        [_thread_blocked, id=31472, stack(0x0000000996600000,0x0000000996700000) (1024K)]
  0x000001ce58fb7600 JavaThread "Unconstrained build operations Thread 63"        [_thread_blocked, id=29540, stack(0x0000000996700000,0x0000000996800000) (1024K)]
  0x000001ce58fb7c90 JavaThread "Unconstrained build operations Thread 64"        [_thread_blocked, id=34460, stack(0x0000000996800000,0x0000000996900000) (1024K)]
  0x000001ce58fb8320 JavaThread "Unconstrained build operations Thread 65"        [_thread_blocked, id=25556, stack(0x0000000996900000,0x0000000996a00000) (1024K)]
  0x000001ce58fb4ea0 JavaThread "Unconstrained build operations Thread 66"        [_thread_blocked, id=27468, stack(0x0000000996a00000,0x0000000996b00000) (1024K)]
  0x000001ce58fbb110 JavaThread "Unconstrained build operations Thread 67"        [_thread_blocked, id=21964, stack(0x0000000996b00000,0x0000000996c00000) (1024K)]
  0x000001ce58fb9d60 JavaThread "Unconstrained build operations Thread 68"        [_thread_blocked, id=25340, stack(0x0000000996c00000,0x0000000996d00000) (1024K)]
  0x000001ce58fba3f0 JavaThread "Unconstrained build operations Thread 69"        [_thread_blocked, id=5564, stack(0x0000000996d00000,0x0000000996e00000) (1024K)]
  0x000001ce58fb9040 JavaThread "Unconstrained build operations Thread 70"        [_thread_blocked, id=36716, stack(0x0000000996e00000,0x0000000996f00000) (1024K)]
  0x000001ce58fbaa80 JavaThread "Unconstrained build operations Thread 71"        [_thread_blocked, id=28996, stack(0x0000000996f00000,0x0000000997000000) (1024K)]
  0x000001ce58fbb7a0 JavaThread "Unconstrained build operations Thread 72"        [_thread_blocked, id=23840, stack(0x0000000997000000,0x0000000997100000) (1024K)]
  0x000001ce58fbbe30 JavaThread "Unconstrained build operations Thread 73"        [_thread_blocked, id=10696, stack(0x0000000997100000,0x0000000997200000) (1024K)]
  0x000001ce58fb96d0 JavaThread "Unconstrained build operations Thread 74"        [_thread_blocked, id=29356, stack(0x0000000997200000,0x0000000997300000) (1024K)]
  0x000001ce58fb89b0 JavaThread "Unconstrained build operations Thread 75"        [_thread_blocked, id=30992, stack(0x0000000997300000,0x0000000997400000) (1024K)]
  0x000001ce58fbd1e0 JavaThread "Unconstrained build operations Thread 76"        [_thread_blocked, id=15564, stack(0x0000000997400000,0x0000000997500000) (1024K)]
  0x000001ce58fbe590 JavaThread "Unconstrained build operations Thread 77"        [_thread_blocked, id=35532, stack(0x0000000997500000,0x0000000997600000) (1024K)]
  0x000001ce58fbc4c0 JavaThread "Unconstrained build operations Thread 78"        [_thread_blocked, id=7736, stack(0x0000000997600000,0x0000000997700000) (1024K)]
  0x000001ce58fbec20 JavaThread "Unconstrained build operations Thread 79"        [_thread_blocked, id=2892, stack(0x0000000997700000,0x0000000997800000) (1024K)]
  0x000001ce58fbf2b0 JavaThread "Unconstrained build operations Thread 80"        [_thread_blocked, id=4436, stack(0x0000000997800000,0x0000000997900000) (1024K)]
  0x000001ce58fbf940 JavaThread "Unconstrained build operations Thread 81"        [_thread_blocked, id=26592, stack(0x0000000997900000,0x0000000997a00000) (1024K)]
  0x000001ce58fc0cf0 JavaThread "Unconstrained build operations Thread 82"        [_thread_blocked, id=28860, stack(0x0000000997a00000,0x0000000997b00000) (1024K)]
  0x000001ce58fbffd0 JavaThread "Unconstrained build operations Thread 83"        [_thread_blocked, id=34176, stack(0x0000000997b00000,0x0000000997c00000) (1024K)]
  0x000001ce58fbdf00 JavaThread "Unconstrained build operations Thread 84"        [_thread_blocked, id=33176, stack(0x0000000997c00000,0x0000000997d00000) (1024K)]
  0x000001ce58fc0660 JavaThread "Unconstrained build operations Thread 85"        [_thread_blocked, id=30028, stack(0x0000000997d00000,0x0000000997e00000) (1024K)]
  0x000001ce58fbd870 JavaThread "Unconstrained build operations Thread 86"        [_thread_blocked, id=3480, stack(0x0000000997e00000,0x0000000997f00000) (1024K)]
  0x000001ce58fc1380 JavaThread "Unconstrained build operations Thread 87"        [_thread_blocked, id=8504, stack(0x0000000997f00000,0x0000000998000000) (1024K)]
  0x000001ce58fc1a10 JavaThread "Unconstrained build operations Thread 88"        [_thread_blocked, id=22448, stack(0x0000000998000000,0x0000000998100000) (1024K)]
  0x000001ce58fc2730 JavaThread "Unconstrained build operations Thread 89"        [_thread_blocked, id=31868, stack(0x0000000998100000,0x0000000998200000) (1024K)]
  0x000001ce58fc2dc0 JavaThread "Unconstrained build operations Thread 90"        [_thread_blocked, id=34312, stack(0x0000000998200000,0x0000000998300000) (1024K)]
  0x000001ce58fc20a0 JavaThread "Unconstrained build operations Thread 91"        [_thread_blocked, id=19820, stack(0x0000000998300000,0x0000000998400000) (1024K)]
  0x000001ce59042430 JavaThread "Unconstrained build operations Thread 92"        [_thread_blocked, id=8456, stack(0x0000000998400000,0x0000000998500000) (1024K)]
  0x000001ce59041080 JavaThread "Unconstrained build operations Thread 93"        [_thread_blocked, id=32416, stack(0x0000000998500000,0x0000000998600000) (1024K)]
  0x000001ce5903fcd0 JavaThread "Unconstrained build operations Thread 94"        [_thread_blocked, id=12712, stack(0x0000000998600000,0x0000000998700000) (1024K)]
  0x000001ce59041710 JavaThread "Unconstrained build operations Thread 95"        [_thread_blocked, id=20304, stack(0x0000000998700000,0x0000000998800000) (1024K)]
  0x000001ce59041da0 JavaThread "Unconstrained build operations Thread 96"        [_thread_blocked, id=20816, stack(0x0000000998800000,0x0000000998900000) (1024K)]
  0x000001ce5903efb0 JavaThread "Unconstrained build operations Thread 97"        [_thread_blocked, id=34836, stack(0x0000000998900000,0x0000000998a00000) (1024K)]
  0x000001ce59043150 JavaThread "Unconstrained build operations Thread 98"        [_thread_blocked, id=11572, stack(0x0000000998a00000,0x0000000998b00000) (1024K)]
  0x000001ce59044500 JavaThread "Unconstrained build operations Thread 99"        [_thread_blocked, id=12280, stack(0x0000000998b00000,0x0000000998c00000) (1024K)]
  0x000001ce59045f40 JavaThread "Unconstrained build operations Thread 100"        [_thread_blocked, id=13196, stack(0x0000000998c00000,0x0000000998d00000) (1024K)]
  0x000001ce59042ac0 JavaThread "Unconstrained build operations Thread 101"        [_thread_blocked, id=9832, stack(0x0000000998d00000,0x0000000998e00000) (1024K)]
  0x000001ce590437e0 JavaThread "Unconstrained build operations Thread 102"        [_thread_blocked, id=30456, stack(0x0000000998e00000,0x0000000998f00000) (1024K)]
  0x000001ce590465d0 JavaThread "Unconstrained build operations Thread 103"        [_thread_blocked, id=7180, stack(0x0000000998f00000,0x0000000999000000) (1024K)]
  0x000001ce59044b90 JavaThread "Unconstrained build operations Thread 104"        [_thread_blocked, id=27800, stack(0x0000000999000000,0x0000000999100000) (1024K)]
  0x000001ce59045220 JavaThread "Unconstrained build operations Thread 105"        [_thread_blocked, id=31176, stack(0x0000000999100000,0x0000000999200000) (1024K)]
  0x000001ce59c68d10 JavaThread "Unconstrained build operations Thread 106"        [_thread_blocked, id=35544, stack(0x0000000999200000,0x0000000999300000) (1024K)]
  0x000001ce59c65f20 JavaThread "Unconstrained build operations Thread 107"        [_thread_blocked, id=31844, stack(0x0000000999300000,0x0000000999400000) (1024K)]
  0x000001ce59c693a0 JavaThread "Unconstrained build operations Thread 108"        [_thread_blocked, id=34208, stack(0x0000000999400000,0x0000000999500000) (1024K)]
  0x000001ce59c69a30 JavaThread "Unconstrained build operations Thread 109"        [_thread_blocked, id=24156, stack(0x0000000999500000,0x0000000999600000) (1024K)]
  0x000001ce59c665b0 JavaThread "Unconstrained build operations Thread 110"        [_thread_blocked, id=13280, stack(0x0000000999600000,0x0000000999700000) (1024K)]
  0x000001ce59c68680 JavaThread "Unconstrained build operations Thread 111"        [_thread_blocked, id=20860, stack(0x0000000999700000,0x0000000999800000) (1024K)]
  0x000001ce59c66c40 JavaThread "Unconstrained build operations Thread 112"        [_thread_blocked, id=29652, stack(0x0000000999800000,0x0000000999900000) (1024K)]
  0x000001ce60da5ef0 JavaThread "Unconstrained build operations Thread 113"        [_thread_blocked, id=19836, stack(0x0000000999900000,0x0000000999a00000) (1024K)]
  0x000001ce60da6580 JavaThread "Unconstrained build operations Thread 114"        [_thread_blocked, id=30328, stack(0x0000000999a00000,0x0000000999b00000) (1024K)]
  0x000001ce60da51d0 JavaThread "Unconstrained build operations Thread 115"        [_thread_blocked, id=432, stack(0x0000000999b00000,0x0000000999c00000) (1024K)]
  0x000001ce60da4b40 JavaThread "Unconstrained build operations Thread 116"        [_thread_blocked, id=35068, stack(0x0000000999c00000,0x0000000999d00000) (1024K)]
  0x000001ce60da44b0 JavaThread "Unconstrained build operations Thread 117"        [_thread_blocked, id=31220, stack(0x0000000999d00000,0x0000000999e00000) (1024K)]
  0x000001ce60da6c10 JavaThread "Unconstrained build operations Thread 118"        [_thread_blocked, id=29484, stack(0x0000000999e00000,0x0000000999f00000) (1024K)]
  0x000001ce60da5860 JavaThread "Unconstrained build operations Thread 119"        [_thread_blocked, id=8496, stack(0x0000000999f00000,0x000000099a000000) (1024K)]
  0x000001ce60da72a0 JavaThread "Unconstrained build operations Thread 120"        [_thread_blocked, id=7368, stack(0x000000099a000000,0x000000099a100000) (1024K)]
  0x000001ce60da3e20 JavaThread "Unconstrained build operations Thread 121"        [_thread_blocked, id=7944, stack(0x000000099a100000,0x000000099a200000) (1024K)]
  0x000001ce60daa720 JavaThread "Unconstrained build operations Thread 122"        [_thread_blocked, id=34700, stack(0x000000099a200000,0x000000099a300000) (1024K)]
  0x000001ce60da9370 JavaThread "Unconstrained build operations Thread 123"        [_thread_blocked, id=16492, stack(0x000000099a300000,0x000000099a400000) (1024K)]
  0x000001ce60daa090 JavaThread "Unconstrained build operations Thread 124"        [_thread_blocked, id=22520, stack(0x000000099a400000,0x000000099a500000) (1024K)]
  0x000001ce60da9a00 JavaThread "Unconstrained build operations Thread 125"        [_thread_blocked, id=33432, stack(0x000000099a500000,0x000000099a600000) (1024K)]
  0x000001ce60da8ce0 JavaThread "Unconstrained build operations Thread 126"        [_thread_blocked, id=28716, stack(0x000000099a600000,0x000000099a700000) (1024K)]
  0x000001ce60daadb0 JavaThread "Unconstrained build operations Thread 127"        [_thread_blocked, id=24496, stack(0x000000099a700000,0x000000099a800000) (1024K)]
  0x000001ce60da8650 JavaThread "Unconstrained build operations Thread 128"        [_thread_blocked, id=14476, stack(0x000000099a800000,0x000000099a900000) (1024K)]
  0x000001ce60da7930 JavaThread "Unconstrained build operations Thread 129"        [_thread_blocked, id=12724, stack(0x000000099a900000,0x000000099aa00000) (1024K)]
  0x000001ce60dab440 JavaThread "Unconstrained build operations Thread 130"        [_thread_blocked, id=32996, stack(0x000000099aa00000,0x000000099ab00000) (1024K)]
  0x000001ce60da7fc0 JavaThread "Unconstrained build operations Thread 131"        [_thread_blocked, id=28416, stack(0x000000099ab00000,0x000000099ac00000) (1024K)]
  0x000001ce60dac7f0 JavaThread "Unconstrained build operations Thread 132"        [_thread_blocked, id=20788, stack(0x000000099ac00000,0x000000099ad00000) (1024K)]
  0x000001ce60dad510 JavaThread "Unconstrained build operations Thread 133"        [_thread_blocked, id=18492, stack(0x000000099ad00000,0x000000099ae00000) (1024K)]
  0x000001ce60daef50 JavaThread "Unconstrained build operations Thread 134"        [_thread_blocked, id=32944, stack(0x000000099ae00000,0x000000099af00000) (1024K)]
  0x000001ce60dae230 JavaThread "Unconstrained build operations Thread 135"        [_thread_blocked, id=11620, stack(0x000000099af00000,0x000000099b000000) (1024K)]
  0x000001ce60dae8c0 JavaThread "Unconstrained build operations Thread 136"        [_thread_blocked, id=15336, stack(0x000000099b000000,0x000000099b100000) (1024K)]
  0x000001ce60daf5e0 JavaThread "WorkerExecutor Queue"              [_thread_blocked, id=23676, stack(0x000000099b100000,0x000000099b200000) (1024K)]
  0x000001ce60dadba0 JavaThread "Unconstrained build operations Thread 137"        [_thread_blocked, id=35304, stack(0x000000099b200000,0x000000099b300000) (1024K)]
  0x000001ce60dac160 JavaThread "Unconstrained build operations Thread 138"        [_thread_blocked, id=10220, stack(0x000000099b300000,0x000000099b400000) (1024K)]
  0x000001ce60dabad0 JavaThread "Unconstrained build operations Thread 139"        [_thread_blocked, id=13900, stack(0x000000099b400000,0x000000099b500000) (1024K)]
  0x000001ce60db16b0 JavaThread "Unconstrained build operations Thread 140"        [_thread_blocked, id=19784, stack(0x000000099b500000,0x000000099b600000) (1024K)]
  0x000001ce60db1d40 JavaThread "Unconstrained build operations Thread 141"        [_thread_blocked, id=21772, stack(0x000000099b600000,0x000000099b700000) (1024K)]
  0x000001ce60db23d0 JavaThread "Unconstrained build operations Thread 142"        [_thread_blocked, id=21228, stack(0x000000099b700000,0x000000099b800000) (1024K)]
  0x000001ce60dafc70 JavaThread "Unconstrained build operations Thread 143"        [_thread_blocked, id=1416, stack(0x000000099b800000,0x000000099b900000) (1024K)]
  0x000001ce60db0990 JavaThread "Unconstrained build operations Thread 144"        [_thread_blocked, id=6712, stack(0x000000099b900000,0x000000099ba00000) (1024K)]
  0x000001ce60db0300 JavaThread "Unconstrained build operations Thread 145"        [_thread_blocked, id=12180, stack(0x000000099ba00000,0x000000099bb00000) (1024K)]
  0x000001ce60db1020 JavaThread "Unconstrained build operations Thread 146"        [_thread_blocked, id=28212, stack(0x000000099bb00000,0x000000099bc00000) (1024K)]
  0x000001ce60db2a60 JavaThread "Unconstrained build operations Thread 147"        [_thread_blocked, id=14000, stack(0x000000099bc00000,0x000000099bd00000) (1024K)]
  0x000001ce60db30f0 JavaThread "Unconstrained build operations Thread 148"        [_thread_blocked, id=35372, stack(0x000000099bd00000,0x000000099be00000) (1024K)]
  0x000001ce5a0dda90 JavaThread "Unconstrained build operations Thread 149"        [_thread_blocked, id=26292, stack(0x000000099be00000,0x000000099bf00000) (1024K)]
  0x000001ce602281b0 JavaThread "Unconstrained build operations Thread 150"        [_thread_blocked, id=19936, stack(0x000000099bf00000,0x000000099c000000) (1024K)]
  0x000001ce60229560 JavaThread "Unconstrained build operations Thread 151"        [_thread_blocked, id=1840, stack(0x000000099c000000,0x000000099c100000) (1024K)]
  0x000001ce60226770 JavaThread "Unconstrained build operations Thread 152"        [_thread_blocked, id=24816, stack(0x000000099c100000,0x000000099c200000) (1024K)]
  0x000001ce60227490 JavaThread "Unconstrained build operations Thread 153"        [_thread_blocked, id=24252, stack(0x000000099c200000,0x000000099c300000) (1024K)]
  0x000001ce60228840 JavaThread "Unconstrained build operations Thread 154"        [_thread_blocked, id=13284, stack(0x000000099c300000,0x000000099c400000) (1024K)]
  0x000001ce60228ed0 JavaThread "Unconstrained build operations Thread 155"        [_thread_blocked, id=28264, stack(0x000000099c400000,0x000000099c500000) (1024K)]
  0x000001ce602260e0 JavaThread "Unconstrained build operations Thread 156"        [_thread_blocked, id=35456, stack(0x000000099c500000,0x000000099c600000) (1024K)]
  0x000001ce60226e00 JavaThread "Unconstrained build operations Thread 157"        [_thread_blocked, id=25856, stack(0x000000099c600000,0x000000099c700000) (1024K)]
  0x000001ce60229bf0 JavaThread "Unconstrained build operations Thread 158"        [_thread_blocked, id=7980, stack(0x000000099c700000,0x000000099c800000) (1024K)]
  0x000001ce6022a910 JavaThread "Unconstrained build operations Thread 159"        [_thread_blocked, id=4372, stack(0x000000099c800000,0x000000099c900000) (1024K)]
  0x000001ce6022afa0 JavaThread "Unconstrained build operations Thread 160"        [_thread_blocked, id=32404, stack(0x000000099c900000,0x000000099ca00000) (1024K)]
  0x000001ce629f8710 JavaThread "WorkerExecutor Queue Thread 2"        [_thread_blocked, id=10716, stack(0x0000000994d00000,0x0000000994e00000) (1024K)]
  0x000001ce629fae70 JavaThread "WorkerExecutor Queue Thread 3"        [_thread_blocked, id=18664, stack(0x0000000995000000,0x0000000995100000) (1024K)]
  0x000001ce629f8da0 JavaThread "WorkerExecutor Queue Thread 4"        [_thread_blocked, id=24476, stack(0x000000099ca00000,0x000000099cb00000) (1024K)]
  0x000001ce629f8080 JavaThread "WorkerExecutor Queue Thread 5"        [_thread_blocked, id=13380, stack(0x000000099cb00000,0x000000099cc00000) (1024K)]
  0x000001ce629fdc60 JavaThread "WorkerExecutor Queue Thread 6"        [_thread_blocked, id=26088, stack(0x000000099ce00000,0x000000099cf00000) (1024K)]
  0x000001ce629fbb90 JavaThread "WorkerExecutor Queue Thread 7"        [_thread_blocked, id=35216, stack(0x000000099cf00000,0x000000099d000000) (1024K)]
  0x000001ce629fc220 JavaThread "WorkerExecutor Queue Thread 8"        [_thread_blocked, id=7476, stack(0x000000099d000000,0x000000099d100000) (1024K)]
  0x000001ce629ff010 JavaThread "WorkerExecutor Queue Thread 9"        [_thread_in_Java, id=8876, stack(0x000000099d100000,0x000000099d200000) (1024K)]
  0x000001ce629ffd30 JavaThread "WorkerExecutor Queue Thread 10"        [_thread_blocked, id=26908, stack(0x000000099d200000,0x000000099d300000) (1024K)]
  0x000001ce629fc8b0 JavaThread "WorkerExecutor Queue Thread 11"        [_thread_blocked, id=23996, stack(0x000000099d300000,0x000000099d400000) (1024K)]
  0x000001ce62a003c0 JavaThread "WorkerExecutor Queue Thread 12"        [_thread_blocked, id=21220, stack(0x000000099d500000,0x000000099d600000) (1024K)]
  0x000001ce629fe2f0 JavaThread "WorkerExecutor Queue Thread 13"        [_thread_blocked, id=4512, stack(0x000000099d600000,0x000000099d700000) (1024K)]
  0x000001ce629fd5d0 JavaThread "WorkerExecutor Queue Thread 14"        [_thread_blocked, id=7212, stack(0x000000099d700000,0x000000099d800000) (1024K)]
  0x000001ce62a010e0 JavaThread "WorkerExecutor Queue Thread 15"        [_thread_blocked, id=35380, stack(0x000000099d800000,0x000000099d900000) (1024K)]
  0x000001ce62a01770 JavaThread "WorkerExecutor Queue Thread 16"        [_thread_blocked, id=26952, stack(0x000000099d900000,0x000000099da00000) (1024K)]
  0x000001ce6022e420 JavaThread "pool-4-thread-1"                   [_thread_blocked, id=3220, stack(0x000000099db00000,0x000000099dc00000) (1024K)]
  0x000001ce6022bcc0 JavaThread "ForkJoinPool-1-worker-1"    daemon [_thread_blocked, id=32356, stack(0x000000099da00000,0x000000099db00000) (1024K)]
  0x000001ce6022c350 JavaThread "ForkJoinPool-1-worker-2"    daemon [_thread_blocked, id=27680, stack(0x000000099dc00000,0x000000099dd00000) (1024K)]
  0x000001ce6022b630 JavaThread "ForkJoinPool-1-worker-3"    daemon [_thread_blocked, id=17796, stack(0x000000099dd00000,0x000000099de00000) (1024K)]
  0x000001ce6022f140 JavaThread "ForkJoinPool-1-worker-4"    daemon [_thread_blocked, id=23040, stack(0x000000099de00000,0x000000099df00000) (1024K)]
  0x000001ce6022fe60 JavaThread "ForkJoinPool-1-worker-5"    daemon [_thread_blocked, id=24164, stack(0x000000099df00000,0x000000099e000000) (1024K)]
  0x000001ce6022f7d0 JavaThread "ForkJoinPool-1-worker-6"    daemon [_thread_blocked, id=31764, stack(0x000000099e000000,0x000000099e100000) (1024K)]
  0x000001ce6022c9e0 JavaThread "ForkJoinPool-1-worker-7"    daemon [_thread_blocked, id=25004, stack(0x000000099e100000,0x000000099e200000) (1024K)]
  0x000001ce60231210 JavaThread "ForkJoinPool-1-worker-8"    daemon [_thread_blocked, id=26648, stack(0x000000099e200000,0x000000099e300000) (1024K)]
  0x000001ce60232c50 JavaThread "ForkJoinPool-1-worker-9"    daemon [_thread_blocked, id=27116, stack(0x000000099e300000,0x000000099e400000) (1024K)]
  0x000001ce602318a0 JavaThread "ForkJoinPool-1-worker-10"   daemon [_thread_blocked, id=30080, stack(0x000000099e400000,0x000000099e500000) (1024K)]
  0x000001ce60231f30 JavaThread "ForkJoinPool-1-worker-11"   daemon [_thread_blocked, id=32076, stack(0x000000099e500000,0x000000099e600000) (1024K)]
  0x000001ce602332e0 JavaThread "ForkJoinPool-1-worker-12"   daemon [_thread_blocked, id=20796, stack(0x000000099e600000,0x000000099e700000) (1024K)]
  0x000001ce602325c0 JavaThread "ForkJoinPool-1-worker-13"   daemon [_thread_blocked, id=36648, stack(0x000000099e700000,0x000000099e800000) (1024K)]
  0x000001ce60233970 JavaThread "ForkJoinPool-1-worker-14"   daemon [_thread_blocked, id=13972, stack(0x000000099e800000,0x000000099e900000) (1024K)]
  0x000001ce602304f0 JavaThread "ForkJoinPool-1-worker-15"   daemon [_thread_blocked, id=7628, stack(0x000000099e900000,0x000000099ea00000) (1024K)]
  0x000001ce60234000 JavaThread "ForkJoinPool-1-worker-16"   daemon [_thread_blocked, id=8372, stack(0x000000099ea00000,0x000000099eb00000) (1024K)]
  0x000001ce60230b80 JavaThread "stderr"                            [_thread_in_native, id=28592, stack(0x000000099ee00000,0x000000099ef00000) (1024K)]
  0x000001ce60234d20 JavaThread "stdout"                            [_thread_in_native, id=21272, stack(0x000000099ef00000,0x000000099f000000) (1024K)]
  0x000001ce6a8d96b0 JavaThread "RMI Scheduler(0)"           daemon [_thread_blocked, id=27316, stack(0x000000098e000000,0x000000098e100000) (1024K)]
  0x000001ce6a8d9d40 JavaThread "RMI RenewClean-[127.0.0.1:17933,org.jetbrains.kotlin.daemon.common.LoopbackNetworkInterface$ClientLoopbackSocketFactory@27f10a81]" daemon [_thread_blocked, id=8264, stack(0x000000098e100000,0x000000098e200000) (1024K)]
  0x000001ce6a8d68c0 JavaThread "RMI GC Daemon"              daemon [_thread_blocked, id=19276, stack(0x000000098e200000,0x000000098e300000) (1024K)]
  0x000001ce6a8dcb30 JavaThread "RMI TCP Accept-0"           daemon [_thread_in_native, id=8044, stack(0x000000098e400000,0x000000098e500000) (1024K)]
  0x000001ce6a8dd850 JavaThread "RMI Reaper"                        [_thread_blocked, id=28624, stack(0x0000000995100000,0x0000000995200000) (1024K)]
  0x000001ce6a8dd1c0 JavaThread "RMI TCP Connection(1)-127.0.0.1" daemon [_thread_in_native, id=12844, stack(0x000000099d400000,0x000000099d500000) (1024K)]
  0x000001ce61321f10 JavaThread "C2 CompilerThread1"         daemon [_thread_in_native, id=31056, stack(0x000000099ec00000,0x000000099ed00000) (1024K)]
  0x000001ce6131e890 JavaThread "C2 CompilerThread2"         daemon [_thread_in_native, id=30612, stack(0x000000099ed00000,0x000000099ee00000) (1024K)]
  0x000001ce613225e0 JavaThread "C1 CompilerThread1"         daemon [_thread_blocked, id=25768, stack(0x000000099f000000,0x000000099f100000) (1024K)]
  0x000001ce6a8ddee0 JavaThread "WorkerExecutor Queue Thread 17"        [_thread_blocked, id=35228, stack(0x000000099f100000,0x000000099f200000) (1024K)]
  0x000001ce61323380 JavaThread "C2 CompilerThread3"         daemon [_thread_in_native, id=32980, stack(0x000000099f200000,0x000000099f300000) (1024K)]
  0x000001ce61323a50 JavaThread "C2 CompilerThread4"         daemon [_thread_in_native, id=12348, stack(0x000000099f300000,0x000000099f400000) (1024K)]
  0x000001ce613203d0 JavaThread "C2 CompilerThread5"         daemon [_thread_in_native, id=8684, stack(0x000000099f400000,0x000000099f500000) (1024K)]
  0x000001ce613247f0 JavaThread "C2 CompilerThread6"         daemon [_thread_in_native, id=5824, stack(0x000000099f500000,0x000000099f600000) (1024K)]
=>0x000001ce61324120 JavaThread "C2 CompilerThread7"         daemon [_thread_in_native, id=15560, stack(0x000000099f600000,0x000000099f700000) (1024K)]
  0x000001ce61324ec0 JavaThread "C1 CompilerThread2"         daemon [_thread_blocked, id=21920, stack(0x000000099f700000,0x000000099f800000) (1024K)]
Total: 273

Other Threads:
  0x000001ce4f5934c0 VMThread "VM Thread"                           [id=3964, stack(0x000000098d600000,0x000000098d700000) (1024K)]
  0x000001ce4ec25c00 WatcherThread "VM Periodic Task Thread"        [id=11252, stack(0x000000098d500000,0x000000098d600000) (1024K)]
  0x000001ce371875c0 WorkerThread "GC Thread#0"                     [id=16508, stack(0x000000098d000000,0x000000098d100000) (1024K)]
  0x000001ce5449ded0 WorkerThread "GC Thread#1"                     [id=31912, stack(0x000000098e800000,0x000000098e900000) (1024K)]
  0x000001ce5440c080 WorkerThread "GC Thread#2"                     [id=15484, stack(0x000000098e900000,0x000000098ea00000) (1024K)]
  0x000001ce5440c420 WorkerThread "GC Thread#3"                     [id=25300, stack(0x000000098ea00000,0x000000098eb00000) (1024K)]
  0x000001ce5440cbd0 WorkerThread "GC Thread#4"                     [id=20556, stack(0x000000098eb00000,0x000000098ec00000) (1024K)]
  0x000001ce5440d370 WorkerThread "GC Thread#5"                     [id=26656, stack(0x000000098ec00000,0x000000098ed00000) (1024K)]
  0x000001ce543d0720 WorkerThread "GC Thread#6"                     [id=34064, stack(0x000000098ed00000,0x000000098ee00000) (1024K)]
  0x000001ce543d0ac0 WorkerThread "GC Thread#7"                     [id=17316, stack(0x000000098ee00000,0x000000098ef00000) (1024K)]
  0x000001ce543d0e60 WorkerThread "GC Thread#8"                     [id=17444, stack(0x000000098ef00000,0x000000098f000000) (1024K)]
  0x000001ce543d1200 WorkerThread "GC Thread#9"                     [id=13024, stack(0x000000098f000000,0x000000098f100000) (1024K)]
  0x000001ce543d19b0 WorkerThread "GC Thread#10"                    [id=6452, stack(0x000000098f100000,0x000000098f200000) (1024K)]
  0x000001ce5488cd20 WorkerThread "GC Thread#11"                    [id=18096, stack(0x000000098f200000,0x000000098f300000) (1024K)]
  0x000001ce5488df40 WorkerThread "GC Thread#12"                    [id=36120, stack(0x000000098fb00000,0x000000098fc00000) (1024K)]
  0x000001ce371984b0 ConcurrentGCThread "G1 Main Marker"            [id=18140, stack(0x000000098d100000,0x000000098d200000) (1024K)]
  0x000001ce3719ad10 WorkerThread "G1 Conc#0"                       [id=12800, stack(0x000000098d200000,0x000000098d300000) (1024K)]
  0x000001ce5488d460 WorkerThread "G1 Conc#1"                       [id=18828, stack(0x000000098fc00000,0x000000098fd00000) (1024K)]
  0x000001ce5488d800 WorkerThread "G1 Conc#2"                       [id=17688, stack(0x000000098fd00000,0x000000098fe00000) (1024K)]
  0x000001ce4f402010 ConcurrentGCThread "G1 Refine#0"               [id=31872, stack(0x000000098d300000,0x000000098d400000) (1024K)]
  0x000001ce4f403840 ConcurrentGCThread "G1 Service"                [id=28420, stack(0x000000098d400000,0x000000098d500000) (1024K)]
Total: 21

Threads with active compile tasks:
C2 CompilerThread0  48669 31362 %     4       com.android.tools.r8.internal.xc0::b @ 405 (3604 bytes)
C1 CompilerThread0  48669 31839       2       com.google.common.collect.ImmutableSet$RegularSetBuilderImpl::rebuildHashTable (80 bytes)
C2 CompilerThread1  48669 31393       4       com.android.tools.r8.internal.l32::a (3042 bytes)
C2 CompilerThread2  48669 31385       4       com.android.tools.r8.internal.fn::a (1189 bytes)
C2 CompilerThread3  48669 31436 %     4       com.android.tools.r8.internal.l32::a @ 14 (2024 bytes)
C2 CompilerThread4  48669 31453 %     4       com.android.tools.r8.internal.ce0::a @ 296 (1134 bytes)
C2 CompilerThread5  48669 31345   !   4       com.android.tools.r8.internal.b41::a (4220 bytes)
C2 CompilerThread6  48669 31359       4       com.android.tools.r8.ir.optimize.f0::a (724 bytes)
C2 CompilerThread7  48669 31401       4       com.android.tools.r8.internal.fg::c (2346 bytes)
Total: 9

VM state: not at safepoint (normal execution)

VM Mutex/Monitor currently owned by a thread: None

Heap address: 0x0000000080000000, size: 2048 MB, Compressed Oops mode: 32-bit

CDS archive(s) not mapped
Compressed class space mapped at: 0x0000000100000000-0x0000000140000000, reserved size: 1073741824
Narrow klass base: 0x0000000000000000, Narrow klass shift: 3, Narrow klass range: 0x140000000

GC Precious Log:
 CardTable entry size: 512
 Card Set container configuration: InlinePtr #cards 5 size 8 Array Of Cards #cards 12 size 40 Howl #buckets 4 coarsen threshold 1843 Howl Bitmap #cards 512 size 80 coarsen threshold 460 Card regions per heap region 1 cards per card region 2048
 CPUs: 16 total, 16 available
 Memory: 32574M
 Large Page Support: Disabled
 NUMA Support: Disabled
 Compressed Oops: Enabled (32-bit)
 Heap Region Size: 1M
 Heap Min Capacity: 8M
 Heap Initial Capacity: 510M
 Heap Max Capacity: 2G
 Pre-touch: Disabled
 Parallel Workers: 13
 Concurrent Workers: 3
 Concurrent Refinement Workers: 13
 Periodic GC: Disabled

Heap:
 garbage-first heap   total 1366016K, used 732606K [0x0000000080000000, 0x0000000100000000)
  region size 1024K, 248 young (253952K), 32 survivors (32768K)
 Metaspace       used 165849K, committed 168320K, reserved 1245184K
  class space    used 22757K, committed 23936K, reserved 1048576K

Heap Regions: E=young(eden), S=young(survivor), O=old, HS=humongous(starts), HC=humongous(continues), CS=collection set, F=free, TAMS=top-at-mark-start, PB=parsable bottom
|   0|0x0000000080000000, 0x0000000080100000, 0x0000000080100000|100%|HS|  |TAMS 0x0000000080000000| PB 0x0000000080000000| Complete 
|   1|0x0000000080100000, 0x0000000080200000, 0x0000000080200000|100%|HC|  |TAMS 0x0000000080100000| PB 0x0000000080100000| Complete 
|   2|0x0000000080200000, 0x0000000080300000, 0x0000000080300000|100%|HC|  |TAMS 0x0000000080200000| PB 0x0000000080200000| Complete 
|   3|0x0000000080300000, 0x0000000080400000, 0x0000000080400000|100%| O|  |TAMS 0x0000000080300000| PB 0x0000000080300000| Untracked 
|   4|0x0000000080400000, 0x0000000080500000, 0x0000000080500000|100%| O|  |TAMS 0x0000000080400000| PB 0x0000000080400000| Untracked 
|   5|0x0000000080500000, 0x0000000080600000, 0x0000000080600000|100%| O|  |TAMS 0x0000000080500000| PB 0x0000000080500000| Untracked 
|   6|0x0000000080600000, 0x0000000080700000, 0x0000000080700000|100%|HS|  |TAMS 0x0000000080600000| PB 0x0000000080600000| Complete 
|   7|0x0000000080700000, 0x0000000080800000, 0x0000000080800000|100%| O|  |TAMS 0x0000000080700000| PB 0x0000000080700000| Untracked 
|   8|0x0000000080800000, 0x0000000080900000, 0x0000000080900000|100%| O|  |TAMS 0x0000000080800000| PB 0x0000000080800000| Untracked 
|   9|0x0000000080900000, 0x0000000080a00000, 0x0000000080a00000|100%| O|  |TAMS 0x0000000080900000| PB 0x0000000080900000| Untracked 
|  10|0x0000000080a00000, 0x0000000080b00000, 0x0000000080b00000|100%| O|  |TAMS 0x0000000080a00000| PB 0x0000000080a00000| Untracked 
|  11|0x0000000080b00000, 0x0000000080c00000, 0x0000000080c00000|100%| O|  |TAMS 0x0000000080b00000| PB 0x0000000080b00000| Untracked 
|  12|0x0000000080c00000, 0x0000000080d00000, 0x0000000080d00000|100%| O|  |TAMS 0x0000000080c00000| PB 0x0000000080c00000| Untracked 
|  13|0x0000000080d00000, 0x0000000080e00000, 0x0000000080e00000|100%| O|  |TAMS 0x0000000080d00000| PB 0x0000000080d00000| Untracked 
|  14|0x0000000080e00000, 0x0000000080f00000, 0x0000000080f00000|100%| O|  |TAMS 0x0000000080e00000| PB 0x0000000080e00000| Untracked 
|  15|0x0000000080f00000, 0x0000000081000000, 0x0000000081000000|100%| O|  |TAMS 0x0000000080f00000| PB 0x0000000080f00000| Untracked 
|  16|0x0000000081000000, 0x0000000081100000, 0x0000000081100000|100%| O|  |TAMS 0x0000000081000000| PB 0x0000000081000000| Untracked 
|  17|0x0000000081100000, 0x0000000081200000, 0x0000000081200000|100%| O|  |TAMS 0x0000000081100000| PB 0x0000000081100000| Untracked 
|  18|0x0000000081200000, 0x0000000081300000, 0x0000000081300000|100%| O|  |TAMS 0x0000000081200000| PB 0x0000000081200000| Untracked 
|  19|0x0000000081300000, 0x0000000081400000, 0x0000000081400000|100%| O|  |TAMS 0x0000000081300000| PB 0x0000000081300000| Untracked 
|  20|0x0000000081400000, 0x0000000081500000, 0x0000000081500000|100%| O|  |TAMS 0x0000000081400000| PB 0x0000000081400000| Untracked 
|  21|0x0000000081500000, 0x0000000081600000, 0x0000000081600000|100%| O|  |TAMS 0x0000000081500000| PB 0x0000000081500000| Untracked 
|  22|0x0000000081600000, 0x0000000081700000, 0x0000000081700000|100%| O|  |TAMS 0x0000000081600000| PB 0x0000000081600000| Untracked 
|  23|0x0000000081700000, 0x0000000081800000, 0x0000000081800000|100%| O|  |TAMS 0x0000000081700000| PB 0x0000000081700000| Untracked 
|  24|0x0000000081800000, 0x0000000081900000, 0x0000000081900000|100%| O|  |TAMS 0x0000000081800000| PB 0x0000000081800000| Untracked 
|  25|0x0000000081900000, 0x0000000081a00000, 0x0000000081a00000|100%| O|  |TAMS 0x0000000081900000| PB 0x0000000081900000| Untracked 
|  26|0x0000000081a00000, 0x0000000081b00000, 0x0000000081b00000|100%| O|  |TAMS 0x0000000081a00000| PB 0x0000000081a00000| Untracked 
|  27|0x0000000081b00000, 0x0000000081c00000, 0x0000000081c00000|100%| O|  |TAMS 0x0000000081b00000| PB 0x0000000081b00000| Untracked 
|  28|0x0000000081c00000, 0x0000000081d00000, 0x0000000081d00000|100%| O|  |TAMS 0x0000000081c00000| PB 0x0000000081c00000| Untracked 
|  29|0x0000000081d00000, 0x0000000081e00000, 0x0000000081e00000|100%| O|  |TAMS 0x0000000081d00000| PB 0x0000000081d00000| Untracked 
|  30|0x0000000081e00000, 0x0000000081f00000, 0x0000000081f00000|100%| O|  |TAMS 0x0000000081e00000| PB 0x0000000081e00000| Untracked 
|  31|0x0000000081f00000, 0x0000000082000000, 0x0000000082000000|100%| O|  |TAMS 0x0000000081f00000| PB 0x0000000081f00000| Untracked 
|  32|0x0000000082000000, 0x0000000082100000, 0x0000000082100000|100%| O|  |TAMS 0x0000000082000000| PB 0x0000000082000000| Untracked 
|  33|0x0000000082100000, 0x0000000082200000, 0x0000000082200000|100%| O|  |TAMS 0x0000000082100000| PB 0x0000000082100000| Untracked 
|  34|0x0000000082200000, 0x0000000082300000, 0x0000000082300000|100%| O|  |TAMS 0x0000000082200000| PB 0x0000000082200000| Untracked 
|  35|0x0000000082300000, 0x0000000082400000, 0x0000000082400000|100%| O|  |TAMS 0x0000000082300000| PB 0x0000000082300000| Untracked 
|  36|0x0000000082400000, 0x0000000082500000, 0x0000000082500000|100%| O|  |TAMS 0x0000000082400000| PB 0x0000000082400000| Untracked 
|  37|0x0000000082500000, 0x0000000082600000, 0x0000000082600000|100%| O|  |TAMS 0x0000000082500000| PB 0x0000000082500000| Untracked 
|  38|0x0000000082600000, 0x0000000082700000, 0x0000000082700000|100%|HS|  |TAMS 0x0000000082600000| PB 0x0000000082600000| Complete 
|  39|0x0000000082700000, 0x0000000082800000, 0x0000000082800000|100%|HC|  |TAMS 0x0000000082700000| PB 0x0000000082700000| Complete 
|  40|0x0000000082800000, 0x0000000082900000, 0x0000000082900000|100%| O|  |TAMS 0x0000000082800000| PB 0x0000000082800000| Untracked 
|  41|0x0000000082900000, 0x0000000082a00000, 0x0000000082a00000|100%| O|  |TAMS 0x0000000082900000| PB 0x0000000082900000| Untracked 
|  42|0x0000000082a00000, 0x0000000082b00000, 0x0000000082b00000|100%| O|  |TAMS 0x0000000082a00000| PB 0x0000000082a00000| Untracked 
|  43|0x0000000082b00000, 0x0000000082c00000, 0x0000000082c00000|100%| O|  |TAMS 0x0000000082b00000| PB 0x0000000082b00000| Untracked 
|  44|0x0000000082c00000, 0x0000000082d00000, 0x0000000082d00000|100%| O|  |TAMS 0x0000000082c00000| PB 0x0000000082c00000| Untracked 
|  45|0x0000000082d00000, 0x0000000082e00000, 0x0000000082e00000|100%| O|  |TAMS 0x0000000082d00000| PB 0x0000000082d00000| Untracked 
|  46|0x0000000082e00000, 0x0000000082f00000, 0x0000000082f00000|100%| O|  |TAMS 0x0000000082e00000| PB 0x0000000082e00000| Untracked 
|  47|0x0000000082f00000, 0x0000000083000000, 0x0000000083000000|100%| O|  |TAMS 0x0000000082f00000| PB 0x0000000082f00000| Untracked 
|  48|0x0000000083000000, 0x0000000083100000, 0x0000000083100000|100%| O|  |TAMS 0x0000000083000000| PB 0x0000000083000000| Untracked 
|  49|0x0000000083100000, 0x0000000083200000, 0x0000000083200000|100%| O|  |TAMS 0x0000000083100000| PB 0x0000000083100000| Untracked 
|  50|0x0000000083200000, 0x0000000083300000, 0x0000000083300000|100%| O|  |TAMS 0x0000000083200000| PB 0x0000000083200000| Untracked 
|  51|0x0000000083300000, 0x0000000083400000, 0x0000000083400000|100%|HS|  |TAMS 0x0000000083300000| PB 0x0000000083300000| Complete 
|  52|0x0000000083400000, 0x0000000083500000, 0x0000000083500000|100%|HS|  |TAMS 0x0000000083400000| PB 0x0000000083400000| Complete 
|  53|0x0000000083500000, 0x0000000083600000, 0x0000000083600000|100%|HS|  |TAMS 0x0000000083500000| PB 0x0000000083500000| Complete 
|  54|0x0000000083600000, 0x0000000083700000, 0x0000000083700000|100%| O|  |TAMS 0x0000000083600000| PB 0x0000000083600000| Untracked 
|  55|0x0000000083700000, 0x0000000083800000, 0x0000000083800000|100%| O|  |TAMS 0x0000000083700000| PB 0x0000000083700000| Untracked 
|  56|0x0000000083800000, 0x0000000083900000, 0x0000000083900000|100%|HS|  |TAMS 0x0000000083800000| PB 0x0000000083800000| Complete 
|  57|0x0000000083900000, 0x0000000083a00000, 0x0000000083a00000|100%|HC|  |TAMS 0x0000000083900000| PB 0x0000000083900000| Complete 
|  58|0x0000000083a00000, 0x0000000083b00000, 0x0000000083b00000|100%|HS|  |TAMS 0x0000000083a00000| PB 0x0000000083a00000| Complete 
|  59|0x0000000083b00000, 0x0000000083c00000, 0x0000000083c00000|100%|HC|  |TAMS 0x0000000083b00000| PB 0x0000000083b00000| Complete 
|  60|0x0000000083c00000, 0x0000000083d00000, 0x0000000083d00000|100%|HS|  |TAMS 0x0000000083c00000| PB 0x0000000083c00000| Complete 
|  61|0x0000000083d00000, 0x0000000083e00000, 0x0000000083e00000|100%|HC|  |TAMS 0x0000000083d00000| PB 0x0000000083d00000| Complete 
|  62|0x0000000083e00000, 0x0000000083f00000, 0x0000000083f00000|100%|HC|  |TAMS 0x0000000083e00000| PB 0x0000000083e00000| Complete 
|  63|0x0000000083f00000, 0x0000000084000000, 0x0000000084000000|100%|HS|  |TAMS 0x0000000083f00000| PB 0x0000000083f00000| Complete 
|  64|0x0000000084000000, 0x0000000084100000, 0x0000000084100000|100%| O|  |TAMS 0x0000000084000000| PB 0x0000000084000000| Untracked 
|  65|0x0000000084100000, 0x0000000084200000, 0x0000000084200000|100%| O|  |TAMS 0x0000000084100000| PB 0x0000000084100000| Untracked 
|  66|0x0000000084200000, 0x0000000084300000, 0x0000000084300000|100%| O|  |TAMS 0x0000000084200000| PB 0x0000000084200000| Untracked 
|  67|0x0000000084300000, 0x0000000084400000, 0x0000000084400000|100%| O|  |TAMS 0x0000000084300000| PB 0x0000000084300000| Untracked 
|  68|0x0000000084400000, 0x0000000084500000, 0x0000000084500000|100%| O|  |TAMS 0x0000000084400000| PB 0x0000000084400000| Untracked 
|  69|0x0000000084500000, 0x0000000084600000, 0x0000000084600000|100%|HS|  |TAMS 0x0000000084500000| PB 0x0000000084500000| Complete 
|  70|0x0000000084600000, 0x0000000084700000, 0x0000000084700000|100%|HS|  |TAMS 0x0000000084600000| PB 0x0000000084600000| Complete 
|  71|0x0000000084700000, 0x0000000084800000, 0x0000000084800000|100%| O|  |TAMS 0x0000000084700000| PB 0x0000000084700000| Untracked 
|  72|0x0000000084800000, 0x0000000084900000, 0x0000000084900000|100%| O|  |TAMS 0x0000000084800000| PB 0x0000000084800000| Untracked 
|  73|0x0000000084900000, 0x0000000084a00000, 0x0000000084a00000|100%| O|  |TAMS 0x0000000084900000| PB 0x0000000084900000| Untracked 
|  74|0x0000000084a00000, 0x0000000084b00000, 0x0000000084b00000|100%| O|  |TAMS 0x0000000084a00000| PB 0x0000000084a00000| Untracked 
|  75|0x0000000084b00000, 0x0000000084c00000, 0x0000000084c00000|100%| O|  |TAMS 0x0000000084b00000| PB 0x0000000084b00000| Untracked 
|  76|0x0000000084c00000, 0x0000000084d00000, 0x0000000084d00000|100%| O|  |TAMS 0x0000000084c00000| PB 0x0000000084c00000| Untracked 
|  77|0x0000000084d00000, 0x0000000084d00000, 0x0000000084e00000|  0%| F|  |TAMS 0x0000000084d00000| PB 0x0000000084d00000| Untracked 
|  78|0x0000000084e00000, 0x0000000084f00000, 0x0000000084f00000|100%| O|  |TAMS 0x0000000084e00000| PB 0x0000000084e00000| Untracked 
|  79|0x0000000084f00000, 0x0000000085000000, 0x0000000085000000|100%|HS|  |TAMS 0x0000000084f00000| PB 0x0000000084f00000| Complete 
|  80|0x0000000085000000, 0x0000000085100000, 0x0000000085100000|100%| O|  |TAMS 0x0000000085000000| PB 0x0000000085000000| Untracked 
|  81|0x0000000085100000, 0x0000000085200000, 0x0000000085200000|100%| O|  |TAMS 0x0000000085100000| PB 0x0000000085100000| Untracked 
|  82|0x0000000085200000, 0x0000000085300000, 0x0000000085300000|100%| O|  |TAMS 0x0000000085200000| PB 0x0000000085200000| Untracked 
|  83|0x0000000085300000, 0x0000000085400000, 0x0000000085400000|100%| O|  |TAMS 0x0000000085300000| PB 0x0000000085300000| Untracked 
|  84|0x0000000085400000, 0x0000000085500000, 0x0000000085500000|100%| O|  |TAMS 0x0000000085400000| PB 0x0000000085400000| Untracked 
|  85|0x0000000085500000, 0x0000000085600000, 0x0000000085600000|100%| O|  |TAMS 0x0000000085500000| PB 0x0000000085500000| Untracked 
|  86|0x0000000085600000, 0x0000000085700000, 0x0000000085700000|100%| O|  |TAMS 0x0000000085600000| PB 0x0000000085600000| Untracked 
|  87|0x0000000085700000, 0x0000000085800000, 0x0000000085800000|100%| O|  |TAMS 0x0000000085700000| PB 0x0000000085700000| Untracked 
|  88|0x0000000085800000, 0x0000000085900000, 0x0000000085900000|100%|HS|  |TAMS 0x0000000085800000| PB 0x0000000085800000| Complete 
|  89|0x0000000085900000, 0x0000000085a00000, 0x0000000085a00000|100%|HC|  |TAMS 0x0000000085900000| PB 0x0000000085900000| Complete 
|  90|0x0000000085a00000, 0x0000000085b00000, 0x0000000085b00000|100%|HS|  |TAMS 0x0000000085a00000| PB 0x0000000085a00000| Complete 
|  91|0x0000000085b00000, 0x0000000085c00000, 0x0000000085c00000|100%|HC|  |TAMS 0x0000000085b00000| PB 0x0000000085b00000| Complete 
|  92|0x0000000085c00000, 0x0000000085d00000, 0x0000000085d00000|100%|HC|  |TAMS 0x0000000085c00000| PB 0x0000000085c00000| Complete 
|  93|0x0000000085d00000, 0x0000000085e00000, 0x0000000085e00000|100%| O|  |TAMS 0x0000000085d00000| PB 0x0000000085d00000| Untracked 
|  94|0x0000000085e00000, 0x0000000085f00000, 0x0000000085f00000|100%| O|  |TAMS 0x0000000085e00000| PB 0x0000000085e00000| Untracked 
|  95|0x0000000085f00000, 0x0000000086000000, 0x0000000086000000|100%| O|  |TAMS 0x0000000085f00000| PB 0x0000000085f00000| Untracked 
|  96|0x0000000086000000, 0x0000000086100000, 0x0000000086100000|100%| O|  |TAMS 0x0000000086000000| PB 0x0000000086000000| Untracked 
|  97|0x0000000086100000, 0x0000000086100000, 0x0000000086200000|  0%| F|  |TAMS 0x0000000086100000| PB 0x0000000086100000| Untracked 
|  98|0x0000000086200000, 0x0000000086300000, 0x0000000086300000|100%| O|  |TAMS 0x0000000086200000| PB 0x0000000086200000| Untracked 
|  99|0x0000000086300000, 0x0000000086400000, 0x0000000086400000|100%| O|  |TAMS 0x0000000086300000| PB 0x0000000086300000| Untracked 
| 100|0x0000000086400000, 0x0000000086500000, 0x0000000086500000|100%| O|  |TAMS 0x0000000086400000| PB 0x0000000086400000| Untracked 
| 101|0x0000000086500000, 0x0000000086600000, 0x0000000086600000|100%| O|  |TAMS 0x0000000086500000| PB 0x0000000086500000| Untracked 
| 102|0x0000000086600000, 0x0000000086700000, 0x0000000086700000|100%| O|  |TAMS 0x0000000086600000| PB 0x0000000086600000| Untracked 
| 103|0x0000000086700000, 0x0000000086800000, 0x0000000086800000|100%| O|  |TAMS 0x0000000086700000| PB 0x0000000086700000| Untracked 
| 104|0x0000000086800000, 0x0000000086900000, 0x0000000086900000|100%| O|  |TAMS 0x0000000086800000| PB 0x0000000086800000| Untracked 
| 105|0x0000000086900000, 0x0000000086a00000, 0x0000000086a00000|100%| O|  |TAMS 0x0000000086900000| PB 0x0000000086900000| Untracked 
| 106|0x0000000086a00000, 0x0000000086b00000, 0x0000000086b00000|100%| O|  |TAMS 0x0000000086a00000| PB 0x0000000086a00000| Untracked 
| 107|0x0000000086b00000, 0x0000000086c00000, 0x0000000086c00000|100%| O|  |TAMS 0x0000000086b00000| PB 0x0000000086b00000| Untracked 
| 108|0x0000000086c00000, 0x0000000086d00000, 0x0000000086d00000|100%| O|  |TAMS 0x0000000086c00000| PB 0x0000000086c00000| Untracked 
| 109|0x0000000086d00000, 0x0000000086e00000, 0x0000000086e00000|100%| O|  |TAMS 0x0000000086d00000| PB 0x0000000086d00000| Untracked 
| 110|0x0000000086e00000, 0x0000000086f00000, 0x0000000086f00000|100%| O|  |TAMS 0x0000000086e00000| PB 0x0000000086e00000| Untracked 
| 111|0x0000000086f00000, 0x0000000087000000, 0x0000000087000000|100%| O|  |TAMS 0x0000000086f00000| PB 0x0000000086f00000| Untracked 
| 112|0x0000000087000000, 0x0000000087100000, 0x0000000087100000|100%| O|  |TAMS 0x0000000087000000| PB 0x0000000087000000| Untracked 
| 113|0x0000000087100000, 0x0000000087200000, 0x0000000087200000|100%| O|  |TAMS 0x0000000087100000| PB 0x0000000087100000| Untracked 
| 114|0x0000000087200000, 0x0000000087300000, 0x0000000087300000|100%| O|  |TAMS 0x0000000087200000| PB 0x0000000087200000| Untracked 
| 115|0x0000000087300000, 0x0000000087400000, 0x0000000087400000|100%| O|  |TAMS 0x0000000087300000| PB 0x0000000087300000| Untracked 
| 116|0x0000000087400000, 0x0000000087500000, 0x0000000087500000|100%| O|  |TAMS 0x0000000087400000| PB 0x0000000087400000| Untracked 
| 117|0x0000000087500000, 0x0000000087600000, 0x0000000087600000|100%| O|  |TAMS 0x0000000087500000| PB 0x0000000087500000| Untracked 
| 118|0x0000000087600000, 0x0000000087700000, 0x0000000087700000|100%| O|  |TAMS 0x0000000087600000| PB 0x0000000087600000| Untracked 
| 119|0x0000000087700000, 0x0000000087700000, 0x0000000087800000|  0%| F|  |TAMS 0x0000000087700000| PB 0x0000000087700000| Untracked 
| 120|0x0000000087800000, 0x0000000087900000, 0x0000000087900000|100%| O|  |TAMS 0x0000000087800000| PB 0x0000000087800000| Untracked 
| 121|0x0000000087900000, 0x0000000087900000, 0x0000000087a00000|  0%| F|  |TAMS 0x0000000087900000| PB 0x0000000087900000| Untracked 
| 122|0x0000000087a00000, 0x0000000087b00000, 0x0000000087b00000|100%| O|  |TAMS 0x0000000087a00000| PB 0x0000000087a00000| Untracked 
| 123|0x0000000087b00000, 0x0000000087c00000, 0x0000000087c00000|100%| O|  |TAMS 0x0000000087b00000| PB 0x0000000087b00000| Untracked 
| 124|0x0000000087c00000, 0x0000000087d00000, 0x0000000087d00000|100%| O|  |TAMS 0x0000000087c00000| PB 0x0000000087c00000| Untracked 
| 125|0x0000000087d00000, 0x0000000087e00000, 0x0000000087e00000|100%| O|  |TAMS 0x0000000087d00000| PB 0x0000000087d00000| Untracked 
| 126|0x0000000087e00000, 0x0000000087f00000, 0x0000000087f00000|100%| O|  |TAMS 0x0000000087e00000| PB 0x0000000087e00000| Untracked 
| 127|0x0000000087f00000, 0x0000000088000000, 0x0000000088000000|100%| O|  |TAMS 0x0000000087f00000| PB 0x0000000087f00000| Untracked 
| 128|0x0000000088000000, 0x0000000088100000, 0x0000000088100000|100%| O|  |TAMS 0x0000000088000000| PB 0x0000000088000000| Untracked 
| 129|0x0000000088100000, 0x0000000088200000, 0x0000000088200000|100%| O|  |TAMS 0x0000000088100000| PB 0x0000000088100000| Untracked 
| 130|0x0000000088200000, 0x0000000088300000, 0x0000000088300000|100%|HS|  |TAMS 0x0000000088200000| PB 0x0000000088200000| Complete 
| 131|0x0000000088300000, 0x0000000088300000, 0x0000000088400000|  0%| F|  |TAMS 0x0000000088300000| PB 0x0000000088300000| Untracked 
| 132|0x0000000088400000, 0x0000000088400000, 0x0000000088500000|  0%| F|  |TAMS 0x0000000088400000| PB 0x0000000088400000| Untracked 
| 133|0x0000000088500000, 0x0000000088500000, 0x0000000088600000|  0%| F|  |TAMS 0x0000000088500000| PB 0x0000000088500000| Untracked 
| 134|0x0000000088600000, 0x0000000088700000, 0x0000000088700000|100%| O|  |TAMS 0x0000000088600000| PB 0x0000000088600000| Untracked 
| 135|0x0000000088700000, 0x0000000088700000, 0x0000000088800000|  0%| F|  |TAMS 0x0000000088700000| PB 0x0000000088700000| Untracked 
| 136|0x0000000088800000, 0x0000000088900000, 0x0000000088900000|100%|HS|  |TAMS 0x0000000088800000| PB 0x0000000088800000| Complete 
| 137|0x0000000088900000, 0x0000000088a00000, 0x0000000088a00000|100%| O|  |TAMS 0x0000000088900000| PB 0x0000000088900000| Untracked 
| 138|0x0000000088a00000, 0x0000000088a00000, 0x0000000088b00000|  0%| F|  |TAMS 0x0000000088a00000| PB 0x0000000088a00000| Untracked 
| 139|0x0000000088b00000, 0x0000000088c00000, 0x0000000088c00000|100%| O|  |TAMS 0x0000000088b00000| PB 0x0000000088b00000| Untracked 
| 140|0x0000000088c00000, 0x0000000088d00000, 0x0000000088d00000|100%| O|  |TAMS 0x0000000088c00000| PB 0x0000000088c00000| Untracked 
| 141|0x0000000088d00000, 0x0000000088e00000, 0x0000000088e00000|100%| O|  |TAMS 0x0000000088d00000| PB 0x0000000088d00000| Untracked 
| 142|0x0000000088e00000, 0x0000000088f00000, 0x0000000088f00000|100%|HS|  |TAMS 0x0000000088e00000| PB 0x0000000088e00000| Complete 
| 143|0x0000000088f00000, 0x0000000089000000, 0x0000000089000000|100%| O|  |TAMS 0x0000000088f00000| PB 0x0000000088f00000| Untracked 
| 144|0x0000000089000000, 0x0000000089100000, 0x0000000089100000|100%| O|  |TAMS 0x0000000089000000| PB 0x0000000089000000| Untracked 
| 145|0x0000000089100000, 0x0000000089200000, 0x0000000089200000|100%| O|  |TAMS 0x0000000089100000| PB 0x0000000089100000| Untracked 
| 146|0x0000000089200000, 0x0000000089300000, 0x0000000089300000|100%| O|  |TAMS 0x0000000089200000| PB 0x0000000089200000| Untracked 
| 147|0x0000000089300000, 0x0000000089400000, 0x0000000089400000|100%| O|  |TAMS 0x0000000089300000| PB 0x0000000089300000| Untracked 
| 148|0x0000000089400000, 0x0000000089500000, 0x0000000089500000|100%| O|  |TAMS 0x0000000089400000| PB 0x0000000089400000| Untracked 
| 149|0x0000000089500000, 0x0000000089600000, 0x0000000089600000|100%| O|  |TAMS 0x0000000089500000| PB 0x0000000089500000| Untracked 
| 150|0x0000000089600000, 0x0000000089700000, 0x0000000089700000|100%|HS|  |TAMS 0x0000000089600000| PB 0x0000000089600000| Complete 
| 151|0x0000000089700000, 0x0000000089800000, 0x0000000089800000|100%| O|  |TAMS 0x0000000089700000| PB 0x0000000089700000| Untracked 
| 152|0x0000000089800000, 0x0000000089800000, 0x0000000089900000|  0%| F|  |TAMS 0x0000000089800000| PB 0x0000000089800000| Untracked 
| 153|0x0000000089900000, 0x0000000089900000, 0x0000000089a00000|  0%| F|  |TAMS 0x0000000089900000| PB 0x0000000089900000| Untracked 
| 154|0x0000000089a00000, 0x0000000089a00000, 0x0000000089b00000|  0%| F|  |TAMS 0x0000000089a00000| PB 0x0000000089a00000| Untracked 
| 155|0x0000000089b00000, 0x0000000089c00000, 0x0000000089c00000|100%|HS|  |TAMS 0x0000000089b00000| PB 0x0000000089b00000| Complete 
| 156|0x0000000089c00000, 0x0000000089d00000, 0x0000000089d00000|100%|HC|  |TAMS 0x0000000089c00000| PB 0x0000000089c00000| Complete 
| 157|0x0000000089d00000, 0x0000000089e00000, 0x0000000089e00000|100%|HS|  |TAMS 0x0000000089d00000| PB 0x0000000089d00000| Complete 
| 158|0x0000000089e00000, 0x0000000089e00000, 0x0000000089f00000|  0%| F|  |TAMS 0x0000000089e00000| PB 0x0000000089e00000| Untracked 
| 159|0x0000000089f00000, 0x0000000089f00000, 0x000000008a000000|  0%| F|  |TAMS 0x0000000089f00000| PB 0x0000000089f00000| Untracked 
| 160|0x000000008a000000, 0x000000008a000000, 0x000000008a100000|  0%| F|  |TAMS 0x000000008a000000| PB 0x000000008a000000| Untracked 
| 161|0x000000008a100000, 0x000000008a100000, 0x000000008a200000|  0%| F|  |TAMS 0x000000008a100000| PB 0x000000008a100000| Untracked 
| 162|0x000000008a200000, 0x000000008a200000, 0x000000008a300000|  0%| F|  |TAMS 0x000000008a200000| PB 0x000000008a200000| Untracked 
| 163|0x000000008a300000, 0x000000008a300000, 0x000000008a400000|  0%| F|  |TAMS 0x000000008a300000| PB 0x000000008a300000| Untracked 
| 164|0x000000008a400000, 0x000000008a400000, 0x000000008a500000|  0%| F|  |TAMS 0x000000008a400000| PB 0x000000008a400000| Untracked 
| 165|0x000000008a500000, 0x000000008a500000, 0x000000008a600000|  0%| F|  |TAMS 0x000000008a500000| PB 0x000000008a500000| Untracked 
| 166|0x000000008a600000, 0x000000008a600000, 0x000000008a700000|  0%| F|  |TAMS 0x000000008a600000| PB 0x000000008a600000| Untracked 
| 167|0x000000008a700000, 0x000000008a700000, 0x000000008a800000|  0%| F|  |TAMS 0x000000008a700000| PB 0x000000008a700000| Untracked 
| 168|0x000000008a800000, 0x000000008a900000, 0x000000008a900000|100%| O|  |TAMS 0x000000008a800000| PB 0x000000008a800000| Untracked 
| 169|0x000000008a900000, 0x000000008a900000, 0x000000008aa00000|  0%| F|  |TAMS 0x000000008a900000| PB 0x000000008a900000| Untracked 
| 170|0x000000008aa00000, 0x000000008ab00000, 0x000000008ab00000|100%| O|  |TAMS 0x000000008aa00000| PB 0x000000008aa00000| Untracked 
| 171|0x000000008ab00000, 0x000000008ab00000, 0x000000008ac00000|  0%| F|  |TAMS 0x000000008ab00000| PB 0x000000008ab00000| Untracked 
| 172|0x000000008ac00000, 0x000000008ad00000, 0x000000008ad00000|100%| O|  |TAMS 0x000000008ac00000| PB 0x000000008ac00000| Untracked 
| 173|0x000000008ad00000, 0x000000008ae00000, 0x000000008ae00000|100%|HS|  |TAMS 0x000000008ad00000| PB 0x000000008ad00000| Complete 
| 174|0x000000008ae00000, 0x000000008ae00000, 0x000000008af00000|  0%| F|  |TAMS 0x000000008ae00000| PB 0x000000008ae00000| Untracked 
| 175|0x000000008af00000, 0x000000008af00000, 0x000000008b000000|  0%| F|  |TAMS 0x000000008af00000| PB 0x000000008af00000| Untracked 
| 176|0x000000008b000000, 0x000000008b000000, 0x000000008b100000|  0%| F|  |TAMS 0x000000008b000000| PB 0x000000008b000000| Untracked 
| 177|0x000000008b100000, 0x000000008b100000, 0x000000008b200000|  0%| F|  |TAMS 0x000000008b100000| PB 0x000000008b100000| Untracked 
| 178|0x000000008b200000, 0x000000008b300000, 0x000000008b300000|100%|HS|  |TAMS 0x000000008b200000| PB 0x000000008b200000| Complete 
| 179|0x000000008b300000, 0x000000008b400000, 0x000000008b400000|100%| O|  |TAMS 0x000000008b300000| PB 0x000000008b300000| Untracked 
| 180|0x000000008b400000, 0x000000008b500000, 0x000000008b500000|100%| O|  |TAMS 0x000000008b400000| PB 0x000000008b400000| Untracked 
| 181|0x000000008b500000, 0x000000008b500000, 0x000000008b600000|  0%| F|  |TAMS 0x000000008b500000| PB 0x000000008b500000| Untracked 
| 182|0x000000008b600000, 0x000000008b700000, 0x000000008b700000|100%| O|  |TAMS 0x000000008b600000| PB 0x000000008b600000| Untracked 
| 183|0x000000008b700000, 0x000000008b700000, 0x000000008b800000|  0%| F|  |TAMS 0x000000008b700000| PB 0x000000008b700000| Untracked 
| 184|0x000000008b800000, 0x000000008b800000, 0x000000008b900000|  0%| F|  |TAMS 0x000000008b800000| PB 0x000000008b800000| Untracked 
| 185|0x000000008b900000, 0x000000008ba00000, 0x000000008ba00000|100%| O|  |TAMS 0x000000008b900000| PB 0x000000008b900000| Untracked 
| 186|0x000000008ba00000, 0x000000008bb00000, 0x000000008bb00000|100%| O|  |TAMS 0x000000008ba00000| PB 0x000000008ba00000| Untracked 
| 187|0x000000008bb00000, 0x000000008bc00000, 0x000000008bc00000|100%| O|  |TAMS 0x000000008bb00000| PB 0x000000008bb00000| Untracked 
| 188|0x000000008bc00000, 0x000000008bd00000, 0x000000008bd00000|100%| O|  |TAMS 0x000000008bc00000| PB 0x000000008bc00000| Untracked 
| 189|0x000000008bd00000, 0x000000008bd00000, 0x000000008be00000|  0%| F|  |TAMS 0x000000008bd00000| PB 0x000000008bd00000| Untracked 
| 190|0x000000008be00000, 0x000000008bf00000, 0x000000008bf00000|100%| O|  |TAMS 0x000000008be00000| PB 0x000000008be00000| Untracked 
| 191|0x000000008bf00000, 0x000000008c000000, 0x000000008c000000|100%| O|  |TAMS 0x000000008bf00000| PB 0x000000008bf00000| Untracked 
| 192|0x000000008c000000, 0x000000008c000000, 0x000000008c100000|  0%| F|  |TAMS 0x000000008c000000| PB 0x000000008c000000| Untracked 
| 193|0x000000008c100000, 0x000000008c200000, 0x000000008c200000|100%| O|  |TAMS 0x000000008c100000| PB 0x000000008c100000| Untracked 
| 194|0x000000008c200000, 0x000000008c300000, 0x000000008c300000|100%| O|  |TAMS 0x000000008c200000| PB 0x000000008c200000| Untracked 
| 195|0x000000008c300000, 0x000000008c400000, 0x000000008c400000|100%| O|  |TAMS 0x000000008c300000| PB 0x000000008c300000| Untracked 
| 196|0x000000008c400000, 0x000000008c500000, 0x000000008c500000|100%| O|  |TAMS 0x000000008c400000| PB 0x000000008c400000| Untracked 
| 197|0x000000008c500000, 0x000000008c500000, 0x000000008c600000|  0%| F|  |TAMS 0x000000008c500000| PB 0x000000008c500000| Untracked 
| 198|0x000000008c600000, 0x000000008c600000, 0x000000008c700000|  0%| F|  |TAMS 0x000000008c600000| PB 0x000000008c600000| Untracked 
| 199|0x000000008c700000, 0x000000008c700000, 0x000000008c800000|  0%| F|  |TAMS 0x000000008c700000| PB 0x000000008c700000| Untracked 
| 200|0x000000008c800000, 0x000000008c800000, 0x000000008c900000|  0%| F|  |TAMS 0x000000008c800000| PB 0x000000008c800000| Untracked 
| 201|0x000000008c900000, 0x000000008c900000, 0x000000008ca00000|  0%| F|  |TAMS 0x000000008c900000| PB 0x000000008c900000| Untracked 
| 202|0x000000008ca00000, 0x000000008cb00000, 0x000000008cb00000|100%|HS|  |TAMS 0x000000008ca00000| PB 0x000000008ca00000| Complete 
| 203|0x000000008cb00000, 0x000000008cb00000, 0x000000008cc00000|  0%| F|  |TAMS 0x000000008cb00000| PB 0x000000008cb00000| Untracked 
| 204|0x000000008cc00000, 0x000000008cd00000, 0x000000008cd00000|100%| O|  |TAMS 0x000000008cc00000| PB 0x000000008cc00000| Untracked 
| 205|0x000000008cd00000, 0x000000008ce00000, 0x000000008ce00000|100%| O|  |TAMS 0x000000008cd00000| PB 0x000000008cd00000| Untracked 
| 206|0x000000008ce00000, 0x000000008cf00000, 0x000000008cf00000|100%| O|  |TAMS 0x000000008ce00000| PB 0x000000008ce00000| Untracked 
| 207|0x000000008cf00000, 0x000000008d000000, 0x000000008d000000|100%| O|  |TAMS 0x000000008cf00000| PB 0x000000008cf00000| Untracked 
| 208|0x000000008d000000, 0x000000008d000000, 0x000000008d100000|  0%| F|  |TAMS 0x000000008d000000| PB 0x000000008d000000| Untracked 
| 209|0x000000008d100000, 0x000000008d200000, 0x000000008d200000|100%| O|  |TAMS 0x000000008d100000| PB 0x000000008d100000| Untracked 
| 210|0x000000008d200000, 0x000000008d300000, 0x000000008d300000|100%| O|  |TAMS 0x000000008d200000| PB 0x000000008d200000| Untracked 
| 211|0x000000008d300000, 0x000000008d400000, 0x000000008d400000|100%| O|  |TAMS 0x000000008d300000| PB 0x000000008d300000| Untracked 
| 212|0x000000008d400000, 0x000000008d500000, 0x000000008d500000|100%| O|  |TAMS 0x000000008d400000| PB 0x000000008d400000| Untracked 
| 213|0x000000008d500000, 0x000000008d600000, 0x000000008d600000|100%| O|  |TAMS 0x000000008d500000| PB 0x000000008d500000| Untracked 
| 214|0x000000008d600000, 0x000000008d700000, 0x000000008d700000|100%| O|  |TAMS 0x000000008d600000| PB 0x000000008d600000| Untracked 
| 215|0x000000008d700000, 0x000000008d800000, 0x000000008d800000|100%| O|  |TAMS 0x000000008d700000| PB 0x000000008d700000| Untracked 
| 216|0x000000008d800000, 0x000000008d900000, 0x000000008d900000|100%| O|  |TAMS 0x000000008d800000| PB 0x000000008d800000| Untracked 
| 217|0x000000008d900000, 0x000000008da00000, 0x000000008da00000|100%| O|  |TAMS 0x000000008d900000| PB 0x000000008d900000| Untracked 
| 218|0x000000008da00000, 0x000000008db00000, 0x000000008db00000|100%| O|  |TAMS 0x000000008da00000| PB 0x000000008da00000| Untracked 
| 219|0x000000008db00000, 0x000000008dc00000, 0x000000008dc00000|100%| O|  |TAMS 0x000000008db00000| PB 0x000000008db00000| Untracked 
| 220|0x000000008dc00000, 0x000000008dd00000, 0x000000008dd00000|100%| O|  |TAMS 0x000000008dc00000| PB 0x000000008dc00000| Untracked 
| 221|0x000000008dd00000, 0x000000008de00000, 0x000000008de00000|100%| O|  |TAMS 0x000000008dd00000| PB 0x000000008dd00000| Untracked 
| 222|0x000000008de00000, 0x000000008de00000, 0x000000008df00000|  0%| F|  |TAMS 0x000000008de00000| PB 0x000000008de00000| Untracked 
| 223|0x000000008df00000, 0x000000008e000000, 0x000000008e000000|100%| O|  |TAMS 0x000000008df00000| PB 0x000000008df00000| Untracked 
| 224|0x000000008e000000, 0x000000008e100000, 0x000000008e100000|100%| O|  |TAMS 0x000000008e000000| PB 0x000000008e000000| Untracked 
| 225|0x000000008e100000, 0x000000008e100000, 0x000000008e200000|  0%| F|  |TAMS 0x000000008e100000| PB 0x000000008e100000| Untracked 
| 226|0x000000008e200000, 0x000000008e300000, 0x000000008e300000|100%| O|  |TAMS 0x000000008e200000| PB 0x000000008e200000| Untracked 
| 227|0x000000008e300000, 0x000000008e400000, 0x000000008e400000|100%|HS|  |TAMS 0x000000008e300000| PB 0x000000008e300000| Complete 
| 228|0x000000008e400000, 0x000000008e400000, 0x000000008e500000|  0%| F|  |TAMS 0x000000008e400000| PB 0x000000008e400000| Untracked 
| 229|0x000000008e500000, 0x000000008e600000, 0x000000008e600000|100%|HS|  |TAMS 0x000000008e500000| PB 0x000000008e500000| Complete 
| 230|0x000000008e600000, 0x000000008e600000, 0x000000008e700000|  0%| F|  |TAMS 0x000000008e600000| PB 0x000000008e600000| Untracked 
| 231|0x000000008e700000, 0x000000008e700000, 0x000000008e800000|  0%| F|  |TAMS 0x000000008e700000| PB 0x000000008e700000| Untracked 
| 232|0x000000008e800000, 0x000000008e900000, 0x000000008e900000|100%| O|  |TAMS 0x000000008e800000| PB 0x000000008e800000| Untracked 
| 233|0x000000008e900000, 0x000000008ea00000, 0x000000008ea00000|100%| O|  |TAMS 0x000000008e900000| PB 0x000000008e900000| Untracked 
| 234|0x000000008ea00000, 0x000000008eb00000, 0x000000008eb00000|100%| O|  |TAMS 0x000000008ea00000| PB 0x000000008ea00000| Untracked 
| 235|0x000000008eb00000, 0x000000008ec00000, 0x000000008ec00000|100%| O|  |TAMS 0x000000008eb00000| PB 0x000000008eb00000| Untracked 
| 236|0x000000008ec00000, 0x000000008ed00000, 0x000000008ed00000|100%| O|  |TAMS 0x000000008ec00000| PB 0x000000008ec00000| Untracked 
| 237|0x000000008ed00000, 0x000000008ee00000, 0x000000008ee00000|100%| O|  |TAMS 0x000000008ed00000| PB 0x000000008ed00000| Untracked 
| 238|0x000000008ee00000, 0x000000008ef00000, 0x000000008ef00000|100%| O|  |TAMS 0x000000008ee00000| PB 0x000000008ee00000| Untracked 
| 239|0x000000008ef00000, 0x000000008f000000, 0x000000008f000000|100%| O|  |TAMS 0x000000008ef00000| PB 0x000000008ef00000| Untracked 
| 240|0x000000008f000000, 0x000000008f000000, 0x000000008f100000|  0%| F|  |TAMS 0x000000008f000000| PB 0x000000008f000000| Untracked 
| 241|0x000000008f100000, 0x000000008f200000, 0x000000008f200000|100%| O|  |TAMS 0x000000008f100000| PB 0x000000008f100000| Untracked 
| 242|0x000000008f200000, 0x000000008f200000, 0x000000008f300000|  0%| F|  |TAMS 0x000000008f200000| PB 0x000000008f200000| Untracked 
| 243|0x000000008f300000, 0x000000008f400000, 0x000000008f400000|100%|HS|  |TAMS 0x000000008f300000| PB 0x000000008f300000| Complete 
| 244|0x000000008f400000, 0x000000008f500000, 0x000000008f500000|100%|HC|  |TAMS 0x000000008f400000| PB 0x000000008f400000| Complete 
| 245|0x000000008f500000, 0x000000008f600000, 0x000000008f600000|100%| O|  |TAMS 0x000000008f500000| PB 0x000000008f500000| Untracked 
| 246|0x000000008f600000, 0x000000008f700000, 0x000000008f700000|100%| O|  |TAMS 0x000000008f600000| PB 0x000000008f600000| Untracked 
| 247|0x000000008f700000, 0x000000008f800000, 0x000000008f800000|100%| O|  |TAMS 0x000000008f700000| PB 0x000000008f700000| Untracked 
| 248|0x000000008f800000, 0x000000008f900000, 0x000000008f900000|100%|HS|  |TAMS 0x000000008f800000| PB 0x000000008f800000| Complete 
| 249|0x000000008f900000, 0x000000008fa00000, 0x000000008fa00000|100%|HC|  |TAMS 0x000000008f900000| PB 0x000000008f900000| Complete 
| 250|0x000000008fa00000, 0x000000008fb00000, 0x000000008fb00000|100%|HC|  |TAMS 0x000000008fa00000| PB 0x000000008fa00000| Complete 
| 251|0x000000008fb00000, 0x000000008fb00000, 0x000000008fc00000|  0%| F|  |TAMS 0x000000008fb00000| PB 0x000000008fb00000| Untracked 
| 252|0x000000008fc00000, 0x000000008fc00000, 0x000000008fd00000|  0%| F|  |TAMS 0x000000008fc00000| PB 0x000000008fc00000| Untracked 
| 253|0x000000008fd00000, 0x000000008fd00000, 0x000000008fe00000|  0%| F|  |TAMS 0x000000008fd00000| PB 0x000000008fd00000| Untracked 
| 254|0x000000008fe00000, 0x000000008fe00000, 0x000000008ff00000|  0%| F|  |TAMS 0x000000008fe00000| PB 0x000000008fe00000| Untracked 
| 255|0x000000008ff00000, 0x000000008ff00000, 0x0000000090000000|  0%| F|  |TAMS 0x000000008ff00000| PB 0x000000008ff00000| Untracked 
| 256|0x0000000090000000, 0x0000000090000000, 0x0000000090100000|  0%| F|  |TAMS 0x0000000090000000| PB 0x0000000090000000| Untracked 
| 257|0x0000000090100000, 0x0000000090200000, 0x0000000090200000|100%| O|  |TAMS 0x0000000090100000| PB 0x0000000090100000| Untracked 
| 258|0x0000000090200000, 0x0000000090300000, 0x0000000090300000|100%| O|  |TAMS 0x0000000090200000| PB 0x0000000090200000| Untracked 
| 259|0x0000000090300000, 0x0000000090400000, 0x0000000090400000|100%| O|  |TAMS 0x0000000090300000| PB 0x0000000090300000| Untracked 
| 260|0x0000000090400000, 0x0000000090500000, 0x0000000090500000|100%| O|  |TAMS 0x0000000090400000| PB 0x0000000090400000| Untracked 
| 261|0x0000000090500000, 0x0000000090600000, 0x0000000090600000|100%| O|  |TAMS 0x0000000090500000| PB 0x0000000090500000| Untracked 
| 262|0x0000000090600000, 0x0000000090700000, 0x0000000090700000|100%| O|  |TAMS 0x0000000090600000| PB 0x0000000090600000| Untracked 
| 263|0x0000000090700000, 0x0000000090800000, 0x0000000090800000|100%|HS|  |TAMS 0x0000000090700000| PB 0x0000000090700000| Complete 
| 264|0x0000000090800000, 0x0000000090900000, 0x0000000090900000|100%| O|  |TAMS 0x0000000090800000| PB 0x0000000090800000| Untracked 
| 265|0x0000000090900000, 0x0000000090900000, 0x0000000090a00000|  0%| F|  |TAMS 0x0000000090900000| PB 0x0000000090900000| Untracked 
| 266|0x0000000090a00000, 0x0000000090a00000, 0x0000000090b00000|  0%| F|  |TAMS 0x0000000090a00000| PB 0x0000000090a00000| Untracked 
| 267|0x0000000090b00000, 0x0000000090c00000, 0x0000000090c00000|100%| O|  |TAMS 0x0000000090b00000| PB 0x0000000090b00000| Untracked 
| 268|0x0000000090c00000, 0x0000000090c00000, 0x0000000090d00000|  0%| F|  |TAMS 0x0000000090c00000| PB 0x0000000090c00000| Untracked 
| 269|0x0000000090d00000, 0x0000000090e00000, 0x0000000090e00000|100%| O|  |TAMS 0x0000000090d00000| PB 0x0000000090d00000| Untracked 
| 270|0x0000000090e00000, 0x0000000090e00000, 0x0000000090f00000|  0%| F|  |TAMS 0x0000000090e00000| PB 0x0000000090e00000| Untracked 
| 271|0x0000000090f00000, 0x0000000091000000, 0x0000000091000000|100%| O|  |TAMS 0x0000000090f00000| PB 0x0000000090f00000| Untracked 
| 272|0x0000000091000000, 0x0000000091100000, 0x0000000091100000|100%| O|  |TAMS 0x0000000091000000| PB 0x0000000091000000| Untracked 
| 273|0x0000000091100000, 0x0000000091200000, 0x0000000091200000|100%| O|  |TAMS 0x0000000091100000| PB 0x0000000091100000| Untracked 
| 274|0x0000000091200000, 0x0000000091200000, 0x0000000091300000|  0%| F|  |TAMS 0x0000000091200000| PB 0x0000000091200000| Untracked 
| 275|0x0000000091300000, 0x0000000091300000, 0x0000000091400000|  0%| F|  |TAMS 0x0000000091300000| PB 0x0000000091300000| Untracked 
| 276|0x0000000091400000, 0x0000000091500000, 0x0000000091500000|100%| O|  |TAMS 0x0000000091400000| PB 0x0000000091400000| Untracked 
| 277|0x0000000091500000, 0x0000000091600000, 0x0000000091600000|100%| O|  |TAMS 0x0000000091500000| PB 0x0000000091500000| Untracked 
| 278|0x0000000091600000, 0x0000000091700000, 0x0000000091700000|100%| O|  |TAMS 0x0000000091600000| PB 0x0000000091600000| Untracked 
| 279|0x0000000091700000, 0x0000000091800000, 0x0000000091800000|100%| O|  |TAMS 0x0000000091700000| PB 0x0000000091700000| Untracked 
| 280|0x0000000091800000, 0x0000000091800000, 0x0000000091900000|  0%| F|  |TAMS 0x0000000091800000| PB 0x0000000091800000| Untracked 
| 281|0x0000000091900000, 0x0000000091a00000, 0x0000000091a00000|100%| O|  |TAMS 0x0000000091900000| PB 0x0000000091900000| Untracked 
| 282|0x0000000091a00000, 0x0000000091b00000, 0x0000000091b00000|100%| O|  |TAMS 0x0000000091a00000| PB 0x0000000091a00000| Untracked 
| 283|0x0000000091b00000, 0x0000000091c00000, 0x0000000091c00000|100%| O|  |TAMS 0x0000000091b00000| PB 0x0000000091b00000| Untracked 
| 284|0x0000000091c00000, 0x0000000091c00000, 0x0000000091d00000|  0%| F|  |TAMS 0x0000000091c00000| PB 0x0000000091c00000| Untracked 
| 285|0x0000000091d00000, 0x0000000091e00000, 0x0000000091e00000|100%|HS|  |TAMS 0x0000000091d00000| PB 0x0000000091d00000| Complete 
| 286|0x0000000091e00000, 0x0000000091f00000, 0x0000000091f00000|100%|HC|  |TAMS 0x0000000091e00000| PB 0x0000000091e00000| Complete 
| 287|0x0000000091f00000, 0x0000000092000000, 0x0000000092000000|100%| O|  |TAMS 0x0000000091f00000| PB 0x0000000091f00000| Untracked 
| 288|0x0000000092000000, 0x0000000092100000, 0x0000000092100000|100%| O|  |TAMS 0x0000000092000000| PB 0x0000000092000000| Untracked 
| 289|0x0000000092100000, 0x0000000092200000, 0x0000000092200000|100%|HS|  |TAMS 0x0000000092100000| PB 0x0000000092100000| Complete 
| 290|0x0000000092200000, 0x0000000092300000, 0x0000000092300000|100%|HC|  |TAMS 0x0000000092200000| PB 0x0000000092200000| Complete 
| 291|0x0000000092300000, 0x0000000092400000, 0x0000000092400000|100%| O|  |TAMS 0x0000000092300000| PB 0x0000000092300000| Untracked 
| 292|0x0000000092400000, 0x0000000092400000, 0x0000000092500000|  0%| F|  |TAMS 0x0000000092400000| PB 0x0000000092400000| Untracked 
| 293|0x0000000092500000, 0x0000000092600000, 0x0000000092600000|100%| O|  |TAMS 0x0000000092500000| PB 0x0000000092500000| Untracked 
| 294|0x0000000092600000, 0x0000000092700000, 0x0000000092700000|100%| O|  |TAMS 0x0000000092600000| PB 0x0000000092600000| Untracked 
| 295|0x0000000092700000, 0x0000000092800000, 0x0000000092800000|100%| O|  |TAMS 0x0000000092700000| PB 0x0000000092700000| Untracked 
| 296|0x0000000092800000, 0x0000000092900000, 0x0000000092900000|100%| O|  |TAMS 0x0000000092800000| PB 0x0000000092800000| Untracked 
| 297|0x0000000092900000, 0x0000000092900000, 0x0000000092a00000|  0%| F|  |TAMS 0x0000000092900000| PB 0x0000000092900000| Untracked 
| 298|0x0000000092a00000, 0x0000000092b00000, 0x0000000092b00000|100%| O|  |TAMS 0x0000000092a00000| PB 0x0000000092a00000| Untracked 
| 299|0x0000000092b00000, 0x0000000092c00000, 0x0000000092c00000|100%| O|  |TAMS 0x0000000092b00000| PB 0x0000000092b00000| Untracked 
| 300|0x0000000092c00000, 0x0000000092c00000, 0x0000000092d00000|  0%| F|  |TAMS 0x0000000092c00000| PB 0x0000000092c00000| Untracked 
| 301|0x0000000092d00000, 0x0000000092e00000, 0x0000000092e00000|100%| O|  |TAMS 0x0000000092d00000| PB 0x0000000092d00000| Untracked 
| 302|0x0000000092e00000, 0x0000000092e00000, 0x0000000092f00000|  0%| F|  |TAMS 0x0000000092e00000| PB 0x0000000092e00000| Untracked 
| 303|0x0000000092f00000, 0x0000000093000000, 0x0000000093000000|100%|HS|  |TAMS 0x0000000092f00000| PB 0x0000000092f00000| Complete 
| 304|0x0000000093000000, 0x0000000093100000, 0x0000000093100000|100%|HC|  |TAMS 0x0000000093000000| PB 0x0000000093000000| Complete 
| 305|0x0000000093100000, 0x0000000093100000, 0x0000000093200000|  0%| F|  |TAMS 0x0000000093100000| PB 0x0000000093100000| Untracked 
| 306|0x0000000093200000, 0x0000000093300000, 0x0000000093300000|100%|HS|  |TAMS 0x0000000093200000| PB 0x0000000093200000| Complete 
| 307|0x0000000093300000, 0x0000000093400000, 0x0000000093400000|100%|HC|  |TAMS 0x0000000093300000| PB 0x0000000093300000| Complete 
| 308|0x0000000093400000, 0x0000000093400000, 0x0000000093500000|  0%| F|  |TAMS 0x0000000093400000| PB 0x0000000093400000| Untracked 
| 309|0x0000000093500000, 0x0000000093600000, 0x0000000093600000|100%| O|  |TAMS 0x0000000093500000| PB 0x0000000093500000| Untracked 
| 310|0x0000000093600000, 0x0000000093600000, 0x0000000093700000|  0%| F|  |TAMS 0x0000000093600000| PB 0x0000000093600000| Untracked 
| 311|0x0000000093700000, 0x0000000093800000, 0x0000000093800000|100%| O|  |TAMS 0x0000000093700000| PB 0x0000000093700000| Untracked 
| 312|0x0000000093800000, 0x0000000093900000, 0x0000000093900000|100%| O|  |TAMS 0x0000000093800000| PB 0x0000000093800000| Untracked 
| 313|0x0000000093900000, 0x0000000093a00000, 0x0000000093a00000|100%| O|  |TAMS 0x0000000093900000| PB 0x0000000093900000| Untracked 
| 314|0x0000000093a00000, 0x0000000093b00000, 0x0000000093b00000|100%| O|  |TAMS 0x0000000093a00000| PB 0x0000000093a00000| Untracked 
| 315|0x0000000093b00000, 0x0000000093c00000, 0x0000000093c00000|100%|HS|  |TAMS 0x0000000093b00000| PB 0x0000000093b00000| Complete 
| 316|0x0000000093c00000, 0x0000000093d00000, 0x0000000093d00000|100%|HC|  |TAMS 0x0000000093c00000| PB 0x0000000093c00000| Complete 
| 317|0x0000000093d00000, 0x0000000093e00000, 0x0000000093e00000|100%|HC|  |TAMS 0x0000000093d00000| PB 0x0000000093d00000| Complete 
| 318|0x0000000093e00000, 0x0000000093e00000, 0x0000000093f00000|  0%| F|  |TAMS 0x0000000093e00000| PB 0x0000000093e00000| Untracked 
| 319|0x0000000093f00000, 0x0000000094000000, 0x0000000094000000|100%| O|  |TAMS 0x0000000093f00000| PB 0x0000000093f00000| Untracked 
| 320|0x0000000094000000, 0x0000000094000000, 0x0000000094100000|  0%| F|  |TAMS 0x0000000094000000| PB 0x0000000094000000| Untracked 
| 321|0x0000000094100000, 0x0000000094200000, 0x0000000094200000|100%|HS|  |TAMS 0x0000000094100000| PB 0x0000000094100000| Complete 
| 322|0x0000000094200000, 0x0000000094300000, 0x0000000094300000|100%|HC|  |TAMS 0x0000000094200000| PB 0x0000000094200000| Complete 
| 323|0x0000000094300000, 0x0000000094300000, 0x0000000094400000|  0%| F|  |TAMS 0x0000000094300000| PB 0x0000000094300000| Untracked 
| 324|0x0000000094400000, 0x0000000094500000, 0x0000000094500000|100%| O|  |TAMS 0x0000000094400000| PB 0x0000000094400000| Untracked 
| 325|0x0000000094500000, 0x0000000094600000, 0x0000000094600000|100%| O|  |TAMS 0x0000000094500000| PB 0x0000000094500000| Untracked 
| 326|0x0000000094600000, 0x0000000094700000, 0x0000000094700000|100%| O|  |TAMS 0x0000000094600000| PB 0x0000000094600000| Untracked 
| 327|0x0000000094700000, 0x0000000094800000, 0x0000000094800000|100%| O|  |TAMS 0x0000000094700000| PB 0x0000000094700000| Untracked 
| 328|0x0000000094800000, 0x0000000094800000, 0x0000000094900000|  0%| F|  |TAMS 0x0000000094800000| PB 0x0000000094800000| Untracked 
| 329|0x0000000094900000, 0x0000000094900000, 0x0000000094a00000|  0%| F|  |TAMS 0x0000000094900000| PB 0x0000000094900000| Untracked 
| 330|0x0000000094a00000, 0x0000000094b00000, 0x0000000094b00000|100%| O|  |TAMS 0x0000000094a00000| PB 0x0000000094a00000| Untracked 
| 331|0x0000000094b00000, 0x0000000094b00000, 0x0000000094c00000|  0%| F|  |TAMS 0x0000000094b00000| PB 0x0000000094b00000| Untracked 
| 332|0x0000000094c00000, 0x0000000094d00000, 0x0000000094d00000|100%| O|  |TAMS 0x0000000094c00000| PB 0x0000000094c00000| Untracked 
| 333|0x0000000094d00000, 0x0000000094e00000, 0x0000000094e00000|100%|HS|  |TAMS 0x0000000094d00000| PB 0x0000000094d00000| Complete 
| 334|0x0000000094e00000, 0x0000000094f00000, 0x0000000094f00000|100%| O|  |TAMS 0x0000000094e00000| PB 0x0000000094e00000| Untracked 
| 335|0x0000000094f00000, 0x0000000095000000, 0x0000000095000000|100%|HS|  |TAMS 0x0000000094f00000| PB 0x0000000094f00000| Complete 
| 336|0x0000000095000000, 0x0000000095000000, 0x0000000095100000|  0%| F|  |TAMS 0x0000000095000000| PB 0x0000000095000000| Untracked 
| 337|0x0000000095100000, 0x0000000095100000, 0x0000000095200000|  0%| F|  |TAMS 0x0000000095100000| PB 0x0000000095100000| Untracked 
| 338|0x0000000095200000, 0x0000000095300000, 0x0000000095300000|100%|HS|  |TAMS 0x0000000095200000| PB 0x0000000095200000| Complete 
| 339|0x0000000095300000, 0x0000000095400000, 0x0000000095400000|100%| O|  |TAMS 0x0000000095300000| PB 0x0000000095300000| Untracked 
| 340|0x0000000095400000, 0x0000000095500000, 0x0000000095500000|100%| O|  |TAMS 0x0000000095400000| PB 0x0000000095400000| Untracked 
| 341|0x0000000095500000, 0x0000000095500000, 0x0000000095600000|  0%| F|  |TAMS 0x0000000095500000| PB 0x0000000095500000| Untracked 
| 342|0x0000000095600000, 0x0000000095600000, 0x0000000095700000|  0%| F|  |TAMS 0x0000000095600000| PB 0x0000000095600000| Untracked 
| 343|0x0000000095700000, 0x0000000095800000, 0x0000000095800000|100%| O|  |TAMS 0x0000000095700000| PB 0x0000000095700000| Untracked 
| 344|0x0000000095800000, 0x0000000095900000, 0x0000000095900000|100%| O|  |TAMS 0x0000000095800000| PB 0x0000000095800000| Untracked 
| 345|0x0000000095900000, 0x0000000095900000, 0x0000000095a00000|  0%| F|  |TAMS 0x0000000095900000| PB 0x0000000095900000| Untracked 
| 346|0x0000000095a00000, 0x0000000095b00000, 0x0000000095b00000|100%|HS|  |TAMS 0x0000000095a00000| PB 0x0000000095a00000| Complete 
| 347|0x0000000095b00000, 0x0000000095b00000, 0x0000000095c00000|  0%| F|  |TAMS 0x0000000095b00000| PB 0x0000000095b00000| Untracked 
| 348|0x0000000095c00000, 0x0000000095d00000, 0x0000000095d00000|100%| O|  |TAMS 0x0000000095c00000| PB 0x0000000095c00000| Untracked 
| 349|0x0000000095d00000, 0x0000000095d00000, 0x0000000095e00000|  0%| F|  |TAMS 0x0000000095d00000| PB 0x0000000095d00000| Untracked 
| 350|0x0000000095e00000, 0x0000000095f00000, 0x0000000095f00000|100%|HS|  |TAMS 0x0000000095e00000| PB 0x0000000095e00000| Complete 
| 351|0x0000000095f00000, 0x0000000096000000, 0x0000000096000000|100%|HC|  |TAMS 0x0000000095f00000| PB 0x0000000095f00000| Complete 
| 352|0x0000000096000000, 0x0000000096100000, 0x0000000096100000|100%|HC|  |TAMS 0x0000000096000000| PB 0x0000000096000000| Complete 
| 353|0x0000000096100000, 0x0000000096200000, 0x0000000096200000|100%|HC|  |TAMS 0x0000000096100000| PB 0x0000000096100000| Complete 
| 354|0x0000000096200000, 0x0000000096300000, 0x0000000096300000|100%|HS|  |TAMS 0x0000000096200000| PB 0x0000000096200000| Complete 
| 355|0x0000000096300000, 0x0000000096400000, 0x0000000096400000|100%| O|  |TAMS 0x0000000096300000| PB 0x0000000096300000| Untracked 
| 356|0x0000000096400000, 0x0000000096500000, 0x0000000096500000|100%| O|  |TAMS 0x0000000096400000| PB 0x0000000096400000| Untracked 
| 357|0x0000000096500000, 0x0000000096500000, 0x0000000096600000|  0%| F|  |TAMS 0x0000000096500000| PB 0x0000000096500000| Untracked 
| 358|0x0000000096600000, 0x0000000096700000, 0x0000000096700000|100%|HS|  |TAMS 0x0000000096600000| PB 0x0000000096600000| Complete 
| 359|0x0000000096700000, 0x0000000096700000, 0x0000000096800000|  0%| F|  |TAMS 0x0000000096700000| PB 0x0000000096700000| Untracked 
| 360|0x0000000096800000, 0x0000000096800000, 0x0000000096900000|  0%| F|  |TAMS 0x0000000096800000| PB 0x0000000096800000| Untracked 
| 361|0x0000000096900000, 0x0000000096a00000, 0x0000000096a00000|100%| O|  |TAMS 0x0000000096900000| PB 0x0000000096900000| Untracked 
| 362|0x0000000096a00000, 0x0000000096b00000, 0x0000000096b00000|100%| O|  |TAMS 0x0000000096a00000| PB 0x0000000096a00000| Untracked 
| 363|0x0000000096b00000, 0x0000000096c00000, 0x0000000096c00000|100%| O|  |TAMS 0x0000000096b00000| PB 0x0000000096b00000| Untracked 
| 364|0x0000000096c00000, 0x0000000096c00000, 0x0000000096d00000|  0%| F|  |TAMS 0x0000000096c00000| PB 0x0000000096c00000| Untracked 
| 365|0x0000000096d00000, 0x0000000096e00000, 0x0000000096e00000|100%| O|  |TAMS 0x0000000096d00000| PB 0x0000000096d00000| Untracked 
| 366|0x0000000096e00000, 0x0000000096f00000, 0x0000000096f00000|100%| O|  |TAMS 0x0000000096e00000| PB 0x0000000096e00000| Untracked 
| 367|0x0000000096f00000, 0x0000000096f00000, 0x0000000097000000|  0%| F|  |TAMS 0x0000000096f00000| PB 0x0000000096f00000| Untracked 
| 368|0x0000000097000000, 0x0000000097100000, 0x0000000097100000|100%| O|  |TAMS 0x0000000097000000| PB 0x0000000097000000| Untracked 
| 369|0x0000000097100000, 0x0000000097200000, 0x0000000097200000|100%| O|  |TAMS 0x0000000097100000| PB 0x0000000097100000| Untracked 
| 370|0x0000000097200000, 0x0000000097300000, 0x0000000097300000|100%| O|  |TAMS 0x0000000097200000| PB 0x0000000097200000| Untracked 
| 371|0x0000000097300000, 0x0000000097400000, 0x0000000097400000|100%| O|  |TAMS 0x0000000097300000| PB 0x0000000097300000| Untracked 
| 372|0x0000000097400000, 0x0000000097500000, 0x0000000097500000|100%| O|  |TAMS 0x0000000097400000| PB 0x0000000097400000| Untracked 
| 373|0x0000000097500000, 0x0000000097600000, 0x0000000097600000|100%| O|  |TAMS 0x0000000097500000| PB 0x0000000097500000| Untracked 
| 374|0x0000000097600000, 0x0000000097700000, 0x0000000097700000|100%| O|  |TAMS 0x0000000097600000| PB 0x0000000097600000| Untracked 
| 375|0x0000000097700000, 0x0000000097800000, 0x0000000097800000|100%| O|  |TAMS 0x0000000097700000| PB 0x0000000097700000| Untracked 
| 376|0x0000000097800000, 0x0000000097900000, 0x0000000097900000|100%| O|  |TAMS 0x0000000097800000| PB 0x0000000097800000| Untracked 
| 377|0x0000000097900000, 0x0000000097a00000, 0x0000000097a00000|100%| O|  |TAMS 0x0000000097900000| PB 0x0000000097900000| Untracked 
| 378|0x0000000097a00000, 0x0000000097b00000, 0x0000000097b00000|100%| O|  |TAMS 0x0000000097a00000| PB 0x0000000097a00000| Untracked 
| 379|0x0000000097b00000, 0x0000000097b00000, 0x0000000097c00000|  0%| F|  |TAMS 0x0000000097b00000| PB 0x0000000097b00000| Untracked 
| 380|0x0000000097c00000, 0x0000000097d00000, 0x0000000097d00000|100%| O|  |TAMS 0x0000000097c00000| PB 0x0000000097c00000| Untracked 
| 381|0x0000000097d00000, 0x0000000097e00000, 0x0000000097e00000|100%| O|  |TAMS 0x0000000097d00000| PB 0x0000000097d00000| Untracked 
| 382|0x0000000097e00000, 0x0000000097f00000, 0x0000000097f00000|100%| O|  |TAMS 0x0000000097e00000| PB 0x0000000097e00000| Untracked 
| 383|0x0000000097f00000, 0x0000000097f00000, 0x0000000098000000|  0%| F|  |TAMS 0x0000000097f00000| PB 0x0000000097f00000| Untracked 
| 384|0x0000000098000000, 0x0000000098000000, 0x0000000098100000|  0%| F|  |TAMS 0x0000000098000000| PB 0x0000000098000000| Untracked 
| 385|0x0000000098100000, 0x0000000098100000, 0x0000000098200000|  0%| F|  |TAMS 0x0000000098100000| PB 0x0000000098100000| Untracked 
| 386|0x0000000098200000, 0x0000000098300000, 0x0000000098300000|100%| O|  |TAMS 0x0000000098200000| PB 0x0000000098200000| Untracked 
| 387|0x0000000098300000, 0x0000000098400000, 0x0000000098400000|100%| O|  |TAMS 0x0000000098300000| PB 0x0000000098300000| Untracked 
| 388|0x0000000098400000, 0x0000000098400000, 0x0000000098500000|  0%| F|  |TAMS 0x0000000098400000| PB 0x0000000098400000| Untracked 
| 389|0x0000000098500000, 0x0000000098600000, 0x0000000098600000|100%| O|  |TAMS 0x0000000098500000| PB 0x0000000098500000| Untracked 
| 390|0x0000000098600000, 0x0000000098700000, 0x0000000098700000|100%| O|  |TAMS 0x0000000098600000| PB 0x0000000098600000| Untracked 
| 391|0x0000000098700000, 0x0000000098800000, 0x0000000098800000|100%| O|  |TAMS 0x0000000098700000| PB 0x0000000098700000| Untracked 
| 392|0x0000000098800000, 0x0000000098900000, 0x0000000098900000|100%|HS|  |TAMS 0x0000000098800000| PB 0x0000000098800000| Complete 
| 393|0x0000000098900000, 0x0000000098a00000, 0x0000000098a00000|100%|HC|  |TAMS 0x0000000098900000| PB 0x0000000098900000| Complete 
| 394|0x0000000098a00000, 0x0000000098b00000, 0x0000000098b00000|100%|HC|  |TAMS 0x0000000098a00000| PB 0x0000000098a00000| Complete 
| 395|0x0000000098b00000, 0x0000000098c00000, 0x0000000098c00000|100%|HC|  |TAMS 0x0000000098b00000| PB 0x0000000098b00000| Complete 
| 396|0x0000000098c00000, 0x0000000098c00000, 0x0000000098d00000|  0%| F|  |TAMS 0x0000000098c00000| PB 0x0000000098c00000| Untracked 
| 397|0x0000000098d00000, 0x0000000098d00000, 0x0000000098e00000|  0%| F|  |TAMS 0x0000000098d00000| PB 0x0000000098d00000| Untracked 
| 398|0x0000000098e00000, 0x0000000098e00000, 0x0000000098f00000|  0%| F|  |TAMS 0x0000000098e00000| PB 0x0000000098e00000| Untracked 
| 399|0x0000000098f00000, 0x0000000098f00000, 0x0000000099000000|  0%| F|  |TAMS 0x0000000098f00000| PB 0x0000000098f00000| Untracked 
| 400|0x0000000099000000, 0x0000000099000000, 0x0000000099100000|  0%| F|  |TAMS 0x0000000099000000| PB 0x0000000099000000| Untracked 
| 401|0x0000000099100000, 0x0000000099100000, 0x0000000099200000|  0%| F|  |TAMS 0x0000000099100000| PB 0x0000000099100000| Untracked 
| 402|0x0000000099200000, 0x0000000099200000, 0x0000000099300000|  0%| F|  |TAMS 0x0000000099200000| PB 0x0000000099200000| Untracked 
| 403|0x0000000099300000, 0x0000000099300000, 0x0000000099400000|  0%| F|  |TAMS 0x0000000099300000| PB 0x0000000099300000| Untracked 
| 404|0x0000000099400000, 0x0000000099400000, 0x0000000099500000|  0%| F|  |TAMS 0x0000000099400000| PB 0x0000000099400000| Untracked 
| 405|0x0000000099500000, 0x0000000099500000, 0x0000000099600000|  0%| F|  |TAMS 0x0000000099500000| PB 0x0000000099500000| Untracked 
| 406|0x0000000099600000, 0x0000000099600000, 0x0000000099700000|  0%| F|  |TAMS 0x0000000099600000| PB 0x0000000099600000| Untracked 
| 407|0x0000000099700000, 0x0000000099700000, 0x0000000099800000|  0%| F|  |TAMS 0x0000000099700000| PB 0x0000000099700000| Untracked 
| 408|0x0000000099800000, 0x0000000099800000, 0x0000000099900000|  0%| F|  |TAMS 0x0000000099800000| PB 0x0000000099800000| Untracked 
| 409|0x0000000099900000, 0x0000000099900000, 0x0000000099a00000|  0%| F|  |TAMS 0x0000000099900000| PB 0x0000000099900000| Untracked 
| 410|0x0000000099a00000, 0x0000000099b00000, 0x0000000099b00000|100%| O|  |TAMS 0x0000000099a00000| PB 0x0000000099a00000| Untracked 
| 411|0x0000000099b00000, 0x0000000099c00000, 0x0000000099c00000|100%| O|  |TAMS 0x0000000099b00000| PB 0x0000000099b00000| Untracked 
| 412|0x0000000099c00000, 0x0000000099d00000, 0x0000000099d00000|100%| O|  |TAMS 0x0000000099c00000| PB 0x0000000099c00000| Untracked 
| 413|0x0000000099d00000, 0x0000000099e00000, 0x0000000099e00000|100%| O|  |TAMS 0x0000000099d00000| PB 0x0000000099d00000| Untracked 
| 414|0x0000000099e00000, 0x0000000099f00000, 0x0000000099f00000|100%| O|  |TAMS 0x0000000099e00000| PB 0x0000000099e00000| Untracked 
| 415|0x0000000099f00000, 0x000000009a000000, 0x000000009a000000|100%| O|  |TAMS 0x0000000099f00000| PB 0x0000000099f00000| Untracked 
| 416|0x000000009a000000, 0x000000009a100000, 0x000000009a100000|100%| O|  |TAMS 0x000000009a000000| PB 0x000000009a000000| Untracked 
| 417|0x000000009a100000, 0x000000009a200000, 0x000000009a200000|100%| O|  |TAMS 0x000000009a100000| PB 0x000000009a100000| Untracked 
| 418|0x000000009a200000, 0x000000009a300000, 0x000000009a300000|100%| O|  |TAMS 0x000000009a200000| PB 0x000000009a200000| Untracked 
| 419|0x000000009a300000, 0x000000009a400000, 0x000000009a400000|100%| O|  |TAMS 0x000000009a300000| PB 0x000000009a300000| Untracked 
| 420|0x000000009a400000, 0x000000009a500000, 0x000000009a500000|100%| O|  |TAMS 0x000000009a400000| PB 0x000000009a400000| Untracked 
| 421|0x000000009a500000, 0x000000009a500000, 0x000000009a600000|  0%| F|  |TAMS 0x000000009a500000| PB 0x000000009a500000| Untracked 
| 422|0x000000009a600000, 0x000000009a600000, 0x000000009a700000|  0%| F|  |TAMS 0x000000009a600000| PB 0x000000009a600000| Untracked 
| 423|0x000000009a700000, 0x000000009a700000, 0x000000009a800000|  0%| F|  |TAMS 0x000000009a700000| PB 0x000000009a700000| Untracked 
| 424|0x000000009a800000, 0x000000009a800000, 0x000000009a900000|  0%| F|  |TAMS 0x000000009a800000| PB 0x000000009a800000| Untracked 
| 425|0x000000009a900000, 0x000000009a900000, 0x000000009aa00000|  0%| F|  |TAMS 0x000000009a900000| PB 0x000000009a900000| Untracked 
| 426|0x000000009aa00000, 0x000000009aaef928, 0x000000009ab00000| 93%| S|CS|TAMS 0x000000009aa00000| PB 0x000000009aa00000| Complete 
| 427|0x000000009ab00000, 0x000000009ac00000, 0x000000009ac00000|100%| O|  |TAMS 0x000000009ab00000| PB 0x000000009ab00000| Untracked 
| 428|0x000000009ac00000, 0x000000009ad00000, 0x000000009ad00000|100%| S|CS|TAMS 0x000000009ac00000| PB 0x000000009ac00000| Complete 
| 429|0x000000009ad00000, 0x000000009ae00000, 0x000000009ae00000|100%| O|  |TAMS 0x000000009ad00000| PB 0x000000009ad00000| Untracked 
| 430|0x000000009ae00000, 0x000000009af00000, 0x000000009af00000|100%| O|  |TAMS 0x000000009ae00000| PB 0x000000009ae00000| Untracked 
| 431|0x000000009af00000, 0x000000009b000000, 0x000000009b000000|100%| O|  |TAMS 0x000000009af00000| PB 0x000000009af00000| Untracked 
| 432|0x000000009b000000, 0x000000009b100000, 0x000000009b100000|100%| O|  |TAMS 0x000000009b000000| PB 0x000000009b000000| Untracked 
| 433|0x000000009b100000, 0x000000009b200000, 0x000000009b200000|100%| O|  |TAMS 0x000000009b100000| PB 0x000000009b100000| Untracked 
| 434|0x000000009b200000, 0x000000009b300000, 0x000000009b300000|100%| O|  |TAMS 0x000000009b200000| PB 0x000000009b200000| Untracked 
| 435|0x000000009b300000, 0x000000009b400000, 0x000000009b400000|100%| O|  |TAMS 0x000000009b300000| PB 0x000000009b300000| Untracked 
| 436|0x000000009b400000, 0x000000009b500000, 0x000000009b500000|100%| O|  |TAMS 0x000000009b400000| PB 0x000000009b400000| Untracked 
| 437|0x000000009b500000, 0x000000009b600000, 0x000000009b600000|100%| O|  |TAMS 0x000000009b500000| PB 0x000000009b500000| Untracked 
| 438|0x000000009b600000, 0x000000009b700000, 0x000000009b700000|100%| O|  |TAMS 0x000000009b600000| PB 0x000000009b600000| Untracked 
| 439|0x000000009b700000, 0x000000009b800000, 0x000000009b800000|100%|HS|  |TAMS 0x000000009b700000| PB 0x000000009b700000| Complete 
| 440|0x000000009b800000, 0x000000009b900000, 0x000000009b900000|100%|HC|  |TAMS 0x000000009b800000| PB 0x000000009b800000| Complete 
| 441|0x000000009b900000, 0x000000009ba00000, 0x000000009ba00000|100%|HS|  |TAMS 0x000000009b900000| PB 0x000000009b900000| Complete 
| 442|0x000000009ba00000, 0x000000009bb00000, 0x000000009bb00000|100%|HC|  |TAMS 0x000000009ba00000| PB 0x000000009ba00000| Complete 
| 443|0x000000009bb00000, 0x000000009bc00000, 0x000000009bc00000|100%|HS|  |TAMS 0x000000009bb00000| PB 0x000000009bb00000| Complete 
| 444|0x000000009bc00000, 0x000000009bd00000, 0x000000009bd00000|100%|HC|  |TAMS 0x000000009bc00000| PB 0x000000009bc00000| Complete 
| 445|0x000000009bd00000, 0x000000009be00000, 0x000000009be00000|100%| O|  |TAMS 0x000000009bd00000| PB 0x000000009bd00000| Untracked 
| 446|0x000000009be00000, 0x000000009bf00000, 0x000000009bf00000|100%| O|  |TAMS 0x000000009be00000| PB 0x000000009be00000| Untracked 
| 447|0x000000009bf00000, 0x000000009c000000, 0x000000009c000000|100%|HS|  |TAMS 0x000000009bf00000| PB 0x000000009bf00000| Complete 
| 448|0x000000009c000000, 0x000000009c100000, 0x000000009c100000|100%|HS|  |TAMS 0x000000009c000000| PB 0x000000009c000000| Complete 
| 449|0x000000009c100000, 0x000000009c200000, 0x000000009c200000|100%|HS|  |TAMS 0x000000009c100000| PB 0x000000009c100000| Complete 
| 450|0x000000009c200000, 0x000000009c300000, 0x000000009c300000|100%|HS|  |TAMS 0x000000009c200000| PB 0x000000009c200000| Complete 
| 451|0x000000009c300000, 0x000000009c400000, 0x000000009c400000|100%|HS|  |TAMS 0x000000009c300000| PB 0x000000009c300000| Complete 
| 452|0x000000009c400000, 0x000000009c500000, 0x000000009c500000|100%|HC|  |TAMS 0x000000009c400000| PB 0x000000009c400000| Complete 
| 453|0x000000009c500000, 0x000000009c600000, 0x000000009c600000|100%|HS|  |TAMS 0x000000009c500000| PB 0x000000009c500000| Complete 
| 454|0x000000009c600000, 0x000000009c700000, 0x000000009c700000|100%|HS|  |TAMS 0x000000009c600000| PB 0x000000009c600000| Complete 
| 455|0x000000009c700000, 0x000000009c800000, 0x000000009c800000|100%|HS|  |TAMS 0x000000009c700000| PB 0x000000009c700000| Complete 
| 456|0x000000009c800000, 0x000000009c900000, 0x000000009c900000|100%|HS|  |TAMS 0x000000009c800000| PB 0x000000009c800000| Complete 
| 457|0x000000009c900000, 0x000000009ca00000, 0x000000009ca00000|100%|HC|  |TAMS 0x000000009c900000| PB 0x000000009c900000| Complete 
| 458|0x000000009ca00000, 0x000000009cb00000, 0x000000009cb00000|100%|HS|  |TAMS 0x000000009ca00000| PB 0x000000009ca00000| Complete 
| 459|0x000000009cb00000, 0x000000009cc00000, 0x000000009cc00000|100%|HS|  |TAMS 0x000000009cb00000| PB 0x000000009cb00000| Complete 
| 460|0x000000009cc00000, 0x000000009cd00000, 0x000000009cd00000|100%| S|CS|TAMS 0x000000009cc00000| PB 0x000000009cc00000| Complete 
| 461|0x000000009cd00000, 0x000000009ce00000, 0x000000009ce00000|100%| S|CS|TAMS 0x000000009cd00000| PB 0x000000009cd00000| Complete 
| 462|0x000000009ce00000, 0x000000009cf00000, 0x000000009cf00000|100%| S|CS|TAMS 0x000000009ce00000| PB 0x000000009ce00000| Complete 
| 463|0x000000009cf00000, 0x000000009d000000, 0x000000009d000000|100%| S|CS|TAMS 0x000000009cf00000| PB 0x000000009cf00000| Complete 
| 464|0x000000009d000000, 0x000000009d100000, 0x000000009d100000|100%| S|CS|TAMS 0x000000009d000000| PB 0x000000009d000000| Complete 
| 465|0x000000009d100000, 0x000000009d200000, 0x000000009d200000|100%| S|CS|TAMS 0x000000009d100000| PB 0x000000009d100000| Complete 
| 466|0x000000009d200000, 0x000000009d300000, 0x000000009d300000|100%| S|CS|TAMS 0x000000009d200000| PB 0x000000009d200000| Complete 
| 467|0x000000009d300000, 0x000000009d400000, 0x000000009d400000|100%| S|CS|TAMS 0x000000009d300000| PB 0x000000009d300000| Complete 
| 468|0x000000009d400000, 0x000000009d500000, 0x000000009d500000|100%| S|CS|TAMS 0x000000009d400000| PB 0x000000009d400000| Complete 
| 469|0x000000009d500000, 0x000000009d600000, 0x000000009d600000|100%| S|CS|TAMS 0x000000009d500000| PB 0x000000009d500000| Complete 
| 470|0x000000009d600000, 0x000000009d700000, 0x000000009d700000|100%| S|CS|TAMS 0x000000009d600000| PB 0x000000009d600000| Complete 
| 471|0x000000009d700000, 0x000000009d800000, 0x000000009d800000|100%| S|CS|TAMS 0x000000009d700000| PB 0x000000009d700000| Complete 
| 472|0x000000009d800000, 0x000000009d900000, 0x000000009d900000|100%| S|CS|TAMS 0x000000009d800000| PB 0x000000009d800000| Complete 
| 473|0x000000009d900000, 0x000000009da00000, 0x000000009da00000|100%| S|CS|TAMS 0x000000009d900000| PB 0x000000009d900000| Complete 
| 474|0x000000009da00000, 0x000000009db00000, 0x000000009db00000|100%| S|CS|TAMS 0x000000009da00000| PB 0x000000009da00000| Complete 
| 475|0x000000009db00000, 0x000000009dc00000, 0x000000009dc00000|100%| S|CS|TAMS 0x000000009db00000| PB 0x000000009db00000| Complete 
| 476|0x000000009dc00000, 0x000000009dd00000, 0x000000009dd00000|100%| S|CS|TAMS 0x000000009dc00000| PB 0x000000009dc00000| Complete 
| 477|0x000000009dd00000, 0x000000009de00000, 0x000000009de00000|100%| S|CS|TAMS 0x000000009dd00000| PB 0x000000009dd00000| Complete 
| 478|0x000000009de00000, 0x000000009df00000, 0x000000009df00000|100%| S|CS|TAMS 0x000000009de00000| PB 0x000000009de00000| Complete 
| 479|0x000000009df00000, 0x000000009e000000, 0x000000009e000000|100%| S|CS|TAMS 0x000000009df00000| PB 0x000000009df00000| Complete 
| 480|0x000000009e000000, 0x000000009e100000, 0x000000009e100000|100%| S|CS|TAMS 0x000000009e000000| PB 0x000000009e000000| Complete 
| 481|0x000000009e100000, 0x000000009e200000, 0x000000009e200000|100%| S|CS|TAMS 0x000000009e100000| PB 0x000000009e100000| Complete 
| 482|0x000000009e200000, 0x000000009e300000, 0x000000009e300000|100%| S|CS|TAMS 0x000000009e200000| PB 0x000000009e200000| Complete 
| 483|0x000000009e300000, 0x000000009e400000, 0x000000009e400000|100%| S|CS|TAMS 0x000000009e300000| PB 0x000000009e300000| Complete 
| 484|0x000000009e400000, 0x000000009e500000, 0x000000009e500000|100%| S|CS|TAMS 0x000000009e400000| PB 0x000000009e400000| Complete 
| 485|0x000000009e500000, 0x000000009e600000, 0x000000009e600000|100%| S|CS|TAMS 0x000000009e500000| PB 0x000000009e500000| Complete 
| 486|0x000000009e600000, 0x000000009e700000, 0x000000009e700000|100%| S|CS|TAMS 0x000000009e600000| PB 0x000000009e600000| Complete 
| 487|0x000000009e700000, 0x000000009e800000, 0x000000009e800000|100%| S|CS|TAMS 0x000000009e700000| PB 0x000000009e700000| Complete 
| 488|0x000000009e800000, 0x000000009e900000, 0x000000009e900000|100%| S|CS|TAMS 0x000000009e800000| PB 0x000000009e800000| Complete 
| 489|0x000000009e900000, 0x000000009ea00000, 0x000000009ea00000|100%| S|CS|TAMS 0x000000009e900000| PB 0x000000009e900000| Complete 
| 490|0x000000009ea00000, 0x000000009ea00000, 0x000000009eb00000|  0%| F|  |TAMS 0x000000009ea00000| PB 0x000000009ea00000| Untracked 
| 491|0x000000009eb00000, 0x000000009eb00000, 0x000000009ec00000|  0%| F|  |TAMS 0x000000009eb00000| PB 0x000000009eb00000| Untracked 
| 492|0x000000009ec00000, 0x000000009ec00000, 0x000000009ed00000|  0%| F|  |TAMS 0x000000009ec00000| PB 0x000000009ec00000| Untracked 
| 493|0x000000009ed00000, 0x000000009ed00000, 0x000000009ee00000|  0%| F|  |TAMS 0x000000009ed00000| PB 0x000000009ed00000| Untracked 
| 494|0x000000009ee00000, 0x000000009ee00000, 0x000000009ef00000|  0%| F|  |TAMS 0x000000009ee00000| PB 0x000000009ee00000| Untracked 
| 495|0x000000009ef00000, 0x000000009ef00000, 0x000000009f000000|  0%| F|  |TAMS 0x000000009ef00000| PB 0x000000009ef00000| Untracked 
| 496|0x000000009f000000, 0x000000009f000000, 0x000000009f100000|  0%| F|  |TAMS 0x000000009f000000| PB 0x000000009f000000| Untracked 
| 497|0x000000009f100000, 0x000000009f100000, 0x000000009f200000|  0%| F|  |TAMS 0x000000009f100000| PB 0x000000009f100000| Untracked 
| 498|0x000000009f200000, 0x000000009f200000, 0x000000009f300000|  0%| F|  |TAMS 0x000000009f200000| PB 0x000000009f200000| Untracked 
| 499|0x000000009f300000, 0x000000009f300000, 0x000000009f400000|  0%| F|  |TAMS 0x000000009f300000| PB 0x000000009f300000| Untracked 
| 500|0x000000009f400000, 0x000000009f400000, 0x000000009f500000|  0%| F|  |TAMS 0x000000009f400000| PB 0x000000009f400000| Untracked 
| 501|0x000000009f500000, 0x000000009f600000, 0x000000009f600000|100%| O|  |TAMS 0x000000009f500000| PB 0x000000009f500000| Untracked 
| 502|0x000000009f600000, 0x000000009f700000, 0x000000009f700000|100%| O|  |TAMS 0x000000009f600000| PB 0x000000009f600000| Untracked 
| 503|0x000000009f700000, 0x000000009f800000, 0x000000009f800000|100%| O|  |TAMS 0x000000009f700000| PB 0x000000009f700000| Untracked 
| 504|0x000000009f800000, 0x000000009f900000, 0x000000009f900000|100%| O|  |TAMS 0x000000009f800000| PB 0x000000009f800000| Untracked 
| 505|0x000000009f900000, 0x000000009fa00000, 0x000000009fa00000|100%| O|  |TAMS 0x000000009f900000| PB 0x000000009f900000| Untracked 
| 506|0x000000009fa00000, 0x000000009fb00000, 0x000000009fb00000|100%| O|  |TAMS 0x000000009fa00000| PB 0x000000009fa00000| Untracked 
| 507|0x000000009fb00000, 0x000000009fc00000, 0x000000009fc00000|100%| O|  |TAMS 0x000000009fb00000| PB 0x000000009fb00000| Untracked 
| 508|0x000000009fc00000, 0x000000009fd00000, 0x000000009fd00000|100%| O|  |TAMS 0x000000009fc00000| PB 0x000000009fc00000| Untracked 
| 509|0x000000009fd00000, 0x000000009fe00000, 0x000000009fe00000|100%| O|  |TAMS 0x000000009fd00000| PB 0x000000009fd00000| Untracked 
| 510|0x000000009fe00000, 0x000000009ff00000, 0x000000009ff00000|100%| O|  |TAMS 0x000000009fe00000| PB 0x000000009fe00000| Untracked 
| 511|0x000000009ff00000, 0x00000000a0000000, 0x00000000a0000000|100%| O|  |TAMS 0x000000009ff00000| PB 0x000000009ff00000| Untracked 
| 512|0x00000000a0000000, 0x00000000a0100000, 0x00000000a0100000|100%| O|  |TAMS 0x00000000a0000000| PB 0x00000000a0000000| Untracked 
| 513|0x00000000a0100000, 0x00000000a0200000, 0x00000000a0200000|100%| O|  |TAMS 0x00000000a0100000| PB 0x00000000a0100000| Untracked 
| 514|0x00000000a0200000, 0x00000000a0300000, 0x00000000a0300000|100%| O|  |TAMS 0x00000000a0200000| PB 0x00000000a0200000| Untracked 
| 515|0x00000000a0300000, 0x00000000a0400000, 0x00000000a0400000|100%| O|  |TAMS 0x00000000a0300000| PB 0x00000000a0300000| Untracked 
| 516|0x00000000a0400000, 0x00000000a0500000, 0x00000000a0500000|100%| O|  |TAMS 0x00000000a0400000| PB 0x00000000a0400000| Untracked 
| 517|0x00000000a0500000, 0x00000000a0600000, 0x00000000a0600000|100%| O|  |TAMS 0x00000000a0500000| PB 0x00000000a0500000| Untracked 
| 518|0x00000000a0600000, 0x00000000a0700000, 0x00000000a0700000|100%| O|  |TAMS 0x00000000a0600000| PB 0x00000000a0600000| Untracked 
| 519|0x00000000a0700000, 0x00000000a0800000, 0x00000000a0800000|100%| O|  |TAMS 0x00000000a0700000| PB 0x00000000a0700000| Untracked 
| 520|0x00000000a0800000, 0x00000000a0900000, 0x00000000a0900000|100%| O|  |TAMS 0x00000000a0800000| PB 0x00000000a0800000| Untracked 
| 521|0x00000000a0900000, 0x00000000a0a00000, 0x00000000a0a00000|100%| O|  |TAMS 0x00000000a0900000| PB 0x00000000a0900000| Untracked 
| 522|0x00000000a0a00000, 0x00000000a0b00000, 0x00000000a0b00000|100%| O|  |TAMS 0x00000000a0a00000| PB 0x00000000a0a00000| Untracked 
| 523|0x00000000a0b00000, 0x00000000a0c00000, 0x00000000a0c00000|100%| O|  |TAMS 0x00000000a0b00000| PB 0x00000000a0b00000| Untracked 
| 524|0x00000000a0c00000, 0x00000000a0d00000, 0x00000000a0d00000|100%| O|  |TAMS 0x00000000a0c00000| PB 0x00000000a0c00000| Untracked 
| 525|0x00000000a0d00000, 0x00000000a0e00000, 0x00000000a0e00000|100%| O|  |TAMS 0x00000000a0d00000| PB 0x00000000a0d00000| Untracked 
| 526|0x00000000a0e00000, 0x00000000a0f00000, 0x00000000a0f00000|100%| O|  |TAMS 0x00000000a0e00000| PB 0x00000000a0e00000| Untracked 
| 527|0x00000000a0f00000, 0x00000000a1000000, 0x00000000a1000000|100%| O|  |TAMS 0x00000000a0f00000| PB 0x00000000a0f00000| Untracked 
| 528|0x00000000a1000000, 0x00000000a1100000, 0x00000000a1100000|100%| O|  |TAMS 0x00000000a1000000| PB 0x00000000a1000000| Untracked 
| 529|0x00000000a1100000, 0x00000000a1200000, 0x00000000a1200000|100%| O|  |TAMS 0x00000000a1100000| PB 0x00000000a1100000| Untracked 
| 530|0x00000000a1200000, 0x00000000a1300000, 0x00000000a1300000|100%| O|  |TAMS 0x00000000a1200000| PB 0x00000000a1200000| Untracked 
| 531|0x00000000a1300000, 0x00000000a1400000, 0x00000000a1400000|100%| O|  |TAMS 0x00000000a1300000| PB 0x00000000a1300000| Untracked 
| 532|0x00000000a1400000, 0x00000000a1500000, 0x00000000a1500000|100%| O|  |TAMS 0x00000000a1400000| PB 0x00000000a1400000| Untracked 
| 533|0x00000000a1500000, 0x00000000a1600000, 0x00000000a1600000|100%| O|  |TAMS 0x00000000a1500000| PB 0x00000000a1500000| Untracked 
| 534|0x00000000a1600000, 0x00000000a1700000, 0x00000000a1700000|100%| O|  |TAMS 0x00000000a1600000| PB 0x00000000a1600000| Untracked 
| 535|0x00000000a1700000, 0x00000000a1800000, 0x00000000a1800000|100%| O|  |TAMS 0x00000000a1700000| PB 0x00000000a1700000| Untracked 
| 536|0x00000000a1800000, 0x00000000a1900000, 0x00000000a1900000|100%| O|  |TAMS 0x00000000a1800000| PB 0x00000000a1800000| Untracked 
| 537|0x00000000a1900000, 0x00000000a1a00000, 0x00000000a1a00000|100%| O|  |TAMS 0x00000000a1900000| PB 0x00000000a1900000| Untracked 
| 538|0x00000000a1a00000, 0x00000000a1b00000, 0x00000000a1b00000|100%| O|  |TAMS 0x00000000a1a00000| PB 0x00000000a1a00000| Untracked 
| 539|0x00000000a1b00000, 0x00000000a1c00000, 0x00000000a1c00000|100%| O|  |TAMS 0x00000000a1b00000| PB 0x00000000a1b00000| Untracked 
| 540|0x00000000a1c00000, 0x00000000a1d00000, 0x00000000a1d00000|100%| O|  |TAMS 0x00000000a1c00000| PB 0x00000000a1c00000| Untracked 
| 541|0x00000000a1d00000, 0x00000000a1d00000, 0x00000000a1e00000|  0%| F|  |TAMS 0x00000000a1d00000| PB 0x00000000a1d00000| Untracked 
| 542|0x00000000a1e00000, 0x00000000a1e00000, 0x00000000a1f00000|  0%| F|  |TAMS 0x00000000a1e00000| PB 0x00000000a1e00000| Untracked 
| 543|0x00000000a1f00000, 0x00000000a1f00000, 0x00000000a2000000|  0%| F|  |TAMS 0x00000000a1f00000| PB 0x00000000a1f00000| Untracked 
| 544|0x00000000a2000000, 0x00000000a2000000, 0x00000000a2100000|  0%| F|  |TAMS 0x00000000a2000000| PB 0x00000000a2000000| Untracked 
| 545|0x00000000a2100000, 0x00000000a2100000, 0x00000000a2200000|  0%| F|  |TAMS 0x00000000a2100000| PB 0x00000000a2100000| Untracked 
| 546|0x00000000a2200000, 0x00000000a2200000, 0x00000000a2300000|  0%| F|  |TAMS 0x00000000a2200000| PB 0x00000000a2200000| Untracked 
| 547|0x00000000a2300000, 0x00000000a2300000, 0x00000000a2400000|  0%| F|  |TAMS 0x00000000a2300000| PB 0x00000000a2300000| Untracked 
| 548|0x00000000a2400000, 0x00000000a2400000, 0x00000000a2500000|  0%| F|  |TAMS 0x00000000a2400000| PB 0x00000000a2400000| Untracked 
| 549|0x00000000a2500000, 0x00000000a2500000, 0x00000000a2600000|  0%| F|  |TAMS 0x00000000a2500000| PB 0x00000000a2500000| Untracked 
| 550|0x00000000a2600000, 0x00000000a2600000, 0x00000000a2700000|  0%| F|  |TAMS 0x00000000a2600000| PB 0x00000000a2600000| Untracked 
| 551|0x00000000a2700000, 0x00000000a2700000, 0x00000000a2800000|  0%| F|  |TAMS 0x00000000a2700000| PB 0x00000000a2700000| Untracked 
| 552|0x00000000a2800000, 0x00000000a2800000, 0x00000000a2900000|  0%| F|  |TAMS 0x00000000a2800000| PB 0x00000000a2800000| Untracked 
| 553|0x00000000a2900000, 0x00000000a2900000, 0x00000000a2a00000|  0%| F|  |TAMS 0x00000000a2900000| PB 0x00000000a2900000| Untracked 
| 554|0x00000000a2a00000, 0x00000000a2a00000, 0x00000000a2b00000|  0%| F|  |TAMS 0x00000000a2a00000| PB 0x00000000a2a00000| Untracked 
| 555|0x00000000a2b00000, 0x00000000a2b00000, 0x00000000a2c00000|  0%| F|  |TAMS 0x00000000a2b00000| PB 0x00000000a2b00000| Untracked 
| 556|0x00000000a2c00000, 0x00000000a2c00000, 0x00000000a2d00000|  0%| F|  |TAMS 0x00000000a2c00000| PB 0x00000000a2c00000| Untracked 
| 557|0x00000000a2d00000, 0x00000000a2d00000, 0x00000000a2e00000|  0%| F|  |TAMS 0x00000000a2d00000| PB 0x00000000a2d00000| Untracked 
| 558|0x00000000a2e00000, 0x00000000a2e00000, 0x00000000a2f00000|  0%| F|  |TAMS 0x00000000a2e00000| PB 0x00000000a2e00000| Untracked 
| 559|0x00000000a2f00000, 0x00000000a2f00000, 0x00000000a3000000|  0%| F|  |TAMS 0x00000000a2f00000| PB 0x00000000a2f00000| Untracked 
| 560|0x00000000a3000000, 0x00000000a3000000, 0x00000000a3100000|  0%| F|  |TAMS 0x00000000a3000000| PB 0x00000000a3000000| Untracked 
| 561|0x00000000a3100000, 0x00000000a3100000, 0x00000000a3200000|  0%| F|  |TAMS 0x00000000a3100000| PB 0x00000000a3100000| Untracked 
| 562|0x00000000a3200000, 0x00000000a3200000, 0x00000000a3300000|  0%| F|  |TAMS 0x00000000a3200000| PB 0x00000000a3200000| Untracked 
| 563|0x00000000a3300000, 0x00000000a3300000, 0x00000000a3400000|  0%| F|  |TAMS 0x00000000a3300000| PB 0x00000000a3300000| Untracked 
| 564|0x00000000a3400000, 0x00000000a3400000, 0x00000000a3500000|  0%| F|  |TAMS 0x00000000a3400000| PB 0x00000000a3400000| Untracked 
| 565|0x00000000a3500000, 0x00000000a3500000, 0x00000000a3600000|  0%| F|  |TAMS 0x00000000a3500000| PB 0x00000000a3500000| Untracked 
| 566|0x00000000a3600000, 0x00000000a3600000, 0x00000000a3700000|  0%| F|  |TAMS 0x00000000a3600000| PB 0x00000000a3600000| Untracked 
| 567|0x00000000a3700000, 0x00000000a3700000, 0x00000000a3800000|  0%| F|  |TAMS 0x00000000a3700000| PB 0x00000000a3700000| Untracked 
| 568|0x00000000a3800000, 0x00000000a3800000, 0x00000000a3900000|  0%| F|  |TAMS 0x00000000a3800000| PB 0x00000000a3800000| Untracked 
| 569|0x00000000a3900000, 0x00000000a3900000, 0x00000000a3a00000|  0%| F|  |TAMS 0x00000000a3900000| PB 0x00000000a3900000| Untracked 
| 570|0x00000000a3a00000, 0x00000000a3a00000, 0x00000000a3b00000|  0%| F|  |TAMS 0x00000000a3a00000| PB 0x00000000a3a00000| Untracked 
| 571|0x00000000a3b00000, 0x00000000a3b00000, 0x00000000a3c00000|  0%| F|  |TAMS 0x00000000a3b00000| PB 0x00000000a3b00000| Untracked 
| 572|0x00000000a3c00000, 0x00000000a3c00000, 0x00000000a3d00000|  0%| F|  |TAMS 0x00000000a3c00000| PB 0x00000000a3c00000| Untracked 
| 573|0x00000000a3d00000, 0x00000000a3d00000, 0x00000000a3e00000|  0%| F|  |TAMS 0x00000000a3d00000| PB 0x00000000a3d00000| Untracked 
| 574|0x00000000a3e00000, 0x00000000a3e00000, 0x00000000a3f00000|  0%| F|  |TAMS 0x00000000a3e00000| PB 0x00000000a3e00000| Untracked 
| 575|0x00000000a3f00000, 0x00000000a3f00000, 0x00000000a4000000|  0%| F|  |TAMS 0x00000000a3f00000| PB 0x00000000a3f00000| Untracked 
| 576|0x00000000a4000000, 0x00000000a4000000, 0x00000000a4100000|  0%| F|  |TAMS 0x00000000a4000000| PB 0x00000000a4000000| Untracked 
| 577|0x00000000a4100000, 0x00000000a4100000, 0x00000000a4200000|  0%| F|  |TAMS 0x00000000a4100000| PB 0x00000000a4100000| Untracked 
| 578|0x00000000a4200000, 0x00000000a4200000, 0x00000000a4300000|  0%| F|  |TAMS 0x00000000a4200000| PB 0x00000000a4200000| Untracked 
| 579|0x00000000a4300000, 0x00000000a4300000, 0x00000000a4400000|  0%| F|  |TAMS 0x00000000a4300000| PB 0x00000000a4300000| Untracked 
| 580|0x00000000a4400000, 0x00000000a4400000, 0x00000000a4500000|  0%| F|  |TAMS 0x00000000a4400000| PB 0x00000000a4400000| Untracked 
| 581|0x00000000a4500000, 0x00000000a4500000, 0x00000000a4600000|  0%| F|  |TAMS 0x00000000a4500000| PB 0x00000000a4500000| Untracked 
| 582|0x00000000a4600000, 0x00000000a4600000, 0x00000000a4700000|  0%| F|  |TAMS 0x00000000a4600000| PB 0x00000000a4600000| Untracked 
| 583|0x00000000a4700000, 0x00000000a4700000, 0x00000000a4800000|  0%| F|  |TAMS 0x00000000a4700000| PB 0x00000000a4700000| Untracked 
| 584|0x00000000a4800000, 0x00000000a4800000, 0x00000000a4900000|  0%| F|  |TAMS 0x00000000a4800000| PB 0x00000000a4800000| Untracked 
| 585|0x00000000a4900000, 0x00000000a4900000, 0x00000000a4a00000|  0%| F|  |TAMS 0x00000000a4900000| PB 0x00000000a4900000| Untracked 
| 586|0x00000000a4a00000, 0x00000000a4a00000, 0x00000000a4b00000|  0%| F|  |TAMS 0x00000000a4a00000| PB 0x00000000a4a00000| Untracked 
| 587|0x00000000a4b00000, 0x00000000a4b00000, 0x00000000a4c00000|  0%| F|  |TAMS 0x00000000a4b00000| PB 0x00000000a4b00000| Untracked 
| 588|0x00000000a4c00000, 0x00000000a4c00000, 0x00000000a4d00000|  0%| F|  |TAMS 0x00000000a4c00000| PB 0x00000000a4c00000| Untracked 
| 589|0x00000000a4d00000, 0x00000000a4d00000, 0x00000000a4e00000|  0%| F|  |TAMS 0x00000000a4d00000| PB 0x00000000a4d00000| Untracked 
| 590|0x00000000a4e00000, 0x00000000a4e00000, 0x00000000a4f00000|  0%| F|  |TAMS 0x00000000a4e00000| PB 0x00000000a4e00000| Untracked 
| 591|0x00000000a4f00000, 0x00000000a4f00000, 0x00000000a5000000|  0%| F|  |TAMS 0x00000000a4f00000| PB 0x00000000a4f00000| Untracked 
| 592|0x00000000a5000000, 0x00000000a5000000, 0x00000000a5100000|  0%| F|  |TAMS 0x00000000a5000000| PB 0x00000000a5000000| Untracked 
| 593|0x00000000a5100000, 0x00000000a5100000, 0x00000000a5200000|  0%| F|  |TAMS 0x00000000a5100000| PB 0x00000000a5100000| Untracked 
| 594|0x00000000a5200000, 0x00000000a5200000, 0x00000000a5300000|  0%| F|  |TAMS 0x00000000a5200000| PB 0x00000000a5200000| Untracked 
| 595|0x00000000a5300000, 0x00000000a5300000, 0x00000000a5400000|  0%| F|  |TAMS 0x00000000a5300000| PB 0x00000000a5300000| Untracked 
| 596|0x00000000a5400000, 0x00000000a5400000, 0x00000000a5500000|  0%| F|  |TAMS 0x00000000a5400000| PB 0x00000000a5400000| Untracked 
| 597|0x00000000a5500000, 0x00000000a5500000, 0x00000000a5600000|  0%| F|  |TAMS 0x00000000a5500000| PB 0x00000000a5500000| Untracked 
| 598|0x00000000a5600000, 0x00000000a5600000, 0x00000000a5700000|  0%| F|  |TAMS 0x00000000a5600000| PB 0x00000000a5600000| Untracked 
| 599|0x00000000a5700000, 0x00000000a5700000, 0x00000000a5800000|  0%| F|  |TAMS 0x00000000a5700000| PB 0x00000000a5700000| Untracked 
| 600|0x00000000a5800000, 0x00000000a5800000, 0x00000000a5900000|  0%| F|  |TAMS 0x00000000a5800000| PB 0x00000000a5800000| Untracked 
| 601|0x00000000a5900000, 0x00000000a5900000, 0x00000000a5a00000|  0%| F|  |TAMS 0x00000000a5900000| PB 0x00000000a5900000| Untracked 
| 602|0x00000000a5a00000, 0x00000000a5a00000, 0x00000000a5b00000|  0%| F|  |TAMS 0x00000000a5a00000| PB 0x00000000a5a00000| Untracked 
| 603|0x00000000a5b00000, 0x00000000a5b00000, 0x00000000a5c00000|  0%| F|  |TAMS 0x00000000a5b00000| PB 0x00000000a5b00000| Untracked 
| 604|0x00000000a5c00000, 0x00000000a5c00000, 0x00000000a5d00000|  0%| F|  |TAMS 0x00000000a5c00000| PB 0x00000000a5c00000| Untracked 
| 605|0x00000000a5d00000, 0x00000000a5d00000, 0x00000000a5e00000|  0%| F|  |TAMS 0x00000000a5d00000| PB 0x00000000a5d00000| Untracked 
| 606|0x00000000a5e00000, 0x00000000a5e00000, 0x00000000a5f00000|  0%| F|  |TAMS 0x00000000a5e00000| PB 0x00000000a5e00000| Untracked 
| 607|0x00000000a5f00000, 0x00000000a5f00000, 0x00000000a6000000|  0%| F|  |TAMS 0x00000000a5f00000| PB 0x00000000a5f00000| Untracked 
| 608|0x00000000a6000000, 0x00000000a6000000, 0x00000000a6100000|  0%| F|  |TAMS 0x00000000a6000000| PB 0x00000000a6000000| Untracked 
| 609|0x00000000a6100000, 0x00000000a6100000, 0x00000000a6200000|  0%| F|  |TAMS 0x00000000a6100000| PB 0x00000000a6100000| Untracked 
| 610|0x00000000a6200000, 0x00000000a6200000, 0x00000000a6300000|  0%| F|  |TAMS 0x00000000a6200000| PB 0x00000000a6200000| Untracked 
| 611|0x00000000a6300000, 0x00000000a6300000, 0x00000000a6400000|  0%| F|  |TAMS 0x00000000a6300000| PB 0x00000000a6300000| Untracked 
| 612|0x00000000a6400000, 0x00000000a6400000, 0x00000000a6500000|  0%| F|  |TAMS 0x00000000a6400000| PB 0x00000000a6400000| Untracked 
| 613|0x00000000a6500000, 0x00000000a6500000, 0x00000000a6600000|  0%| F|  |TAMS 0x00000000a6500000| PB 0x00000000a6500000| Untracked 
| 614|0x00000000a6600000, 0x00000000a6600000, 0x00000000a6700000|  0%| F|  |TAMS 0x00000000a6600000| PB 0x00000000a6600000| Untracked 
| 615|0x00000000a6700000, 0x00000000a6700000, 0x00000000a6800000|  0%| F|  |TAMS 0x00000000a6700000| PB 0x00000000a6700000| Untracked 
| 616|0x00000000a6800000, 0x00000000a6800000, 0x00000000a6900000|  0%| F|  |TAMS 0x00000000a6800000| PB 0x00000000a6800000| Untracked 
| 617|0x00000000a6900000, 0x00000000a6900000, 0x00000000a6a00000|  0%| F|  |TAMS 0x00000000a6900000| PB 0x00000000a6900000| Untracked 
| 618|0x00000000a6a00000, 0x00000000a6a00000, 0x00000000a6b00000|  0%| F|  |TAMS 0x00000000a6a00000| PB 0x00000000a6a00000| Untracked 
| 619|0x00000000a6b00000, 0x00000000a6b00000, 0x00000000a6c00000|  0%| F|  |TAMS 0x00000000a6b00000| PB 0x00000000a6b00000| Untracked 
| 620|0x00000000a6c00000, 0x00000000a6c00000, 0x00000000a6d00000|  0%| F|  |TAMS 0x00000000a6c00000| PB 0x00000000a6c00000| Untracked 
| 621|0x00000000a6d00000, 0x00000000a6d00000, 0x00000000a6e00000|  0%| F|  |TAMS 0x00000000a6d00000| PB 0x00000000a6d00000| Untracked 
| 622|0x00000000a6e00000, 0x00000000a6e00000, 0x00000000a6f00000|  0%| F|  |TAMS 0x00000000a6e00000| PB 0x00000000a6e00000| Untracked 
| 623|0x00000000a6f00000, 0x00000000a6f00000, 0x00000000a7000000|  0%| F|  |TAMS 0x00000000a6f00000| PB 0x00000000a6f00000| Untracked 
| 624|0x00000000a7000000, 0x00000000a7000000, 0x00000000a7100000|  0%| F|  |TAMS 0x00000000a7000000| PB 0x00000000a7000000| Untracked 
| 625|0x00000000a7100000, 0x00000000a7100000, 0x00000000a7200000|  0%| F|  |TAMS 0x00000000a7100000| PB 0x00000000a7100000| Untracked 
| 626|0x00000000a7200000, 0x00000000a7200000, 0x00000000a7300000|  0%| F|  |TAMS 0x00000000a7200000| PB 0x00000000a7200000| Untracked 
| 627|0x00000000a7300000, 0x00000000a7300000, 0x00000000a7400000|  0%| F|  |TAMS 0x00000000a7300000| PB 0x00000000a7300000| Untracked 
| 628|0x00000000a7400000, 0x00000000a7400000, 0x00000000a7500000|  0%| F|  |TAMS 0x00000000a7400000| PB 0x00000000a7400000| Untracked 
| 629|0x00000000a7500000, 0x00000000a7500000, 0x00000000a7600000|  0%| F|  |TAMS 0x00000000a7500000| PB 0x00000000a7500000| Untracked 
| 630|0x00000000a7600000, 0x00000000a7600000, 0x00000000a7700000|  0%| F|  |TAMS 0x00000000a7600000| PB 0x00000000a7600000| Untracked 
| 631|0x00000000a7700000, 0x00000000a7700000, 0x00000000a7800000|  0%| F|  |TAMS 0x00000000a7700000| PB 0x00000000a7700000| Untracked 
| 632|0x00000000a7800000, 0x00000000a7800000, 0x00000000a7900000|  0%| F|  |TAMS 0x00000000a7800000| PB 0x00000000a7800000| Untracked 
| 633|0x00000000a7900000, 0x00000000a7900000, 0x00000000a7a00000|  0%| F|  |TAMS 0x00000000a7900000| PB 0x00000000a7900000| Untracked 
| 634|0x00000000a7a00000, 0x00000000a7a00000, 0x00000000a7b00000|  0%| F|  |TAMS 0x00000000a7a00000| PB 0x00000000a7a00000| Untracked 
| 635|0x00000000a7b00000, 0x00000000a7b00000, 0x00000000a7c00000|  0%| F|  |TAMS 0x00000000a7b00000| PB 0x00000000a7b00000| Untracked 
| 636|0x00000000a7c00000, 0x00000000a7c00000, 0x00000000a7d00000|  0%| F|  |TAMS 0x00000000a7c00000| PB 0x00000000a7c00000| Untracked 
| 637|0x00000000a7d00000, 0x00000000a7d00000, 0x00000000a7e00000|  0%| F|  |TAMS 0x00000000a7d00000| PB 0x00000000a7d00000| Untracked 
| 638|0x00000000a7e00000, 0x00000000a7e00000, 0x00000000a7f00000|  0%| F|  |TAMS 0x00000000a7e00000| PB 0x00000000a7e00000| Untracked 
| 639|0x00000000a7f00000, 0x00000000a7f00000, 0x00000000a8000000|  0%| F|  |TAMS 0x00000000a7f00000| PB 0x00000000a7f00000| Untracked 
| 640|0x00000000a8000000, 0x00000000a8000000, 0x00000000a8100000|  0%| F|  |TAMS 0x00000000a8000000| PB 0x00000000a8000000| Untracked 
| 641|0x00000000a8100000, 0x00000000a8100000, 0x00000000a8200000|  0%| F|  |TAMS 0x00000000a8100000| PB 0x00000000a8100000| Untracked 
| 642|0x00000000a8200000, 0x00000000a8200000, 0x00000000a8300000|  0%| F|  |TAMS 0x00000000a8200000| PB 0x00000000a8200000| Untracked 
| 643|0x00000000a8300000, 0x00000000a8300000, 0x00000000a8400000|  0%| F|  |TAMS 0x00000000a8300000| PB 0x00000000a8300000| Untracked 
| 644|0x00000000a8400000, 0x00000000a8400000, 0x00000000a8500000|  0%| F|  |TAMS 0x00000000a8400000| PB 0x00000000a8400000| Untracked 
| 645|0x00000000a8500000, 0x00000000a8500000, 0x00000000a8600000|  0%| F|  |TAMS 0x00000000a8500000| PB 0x00000000a8500000| Untracked 
| 646|0x00000000a8600000, 0x00000000a8600000, 0x00000000a8700000|  0%| F|  |TAMS 0x00000000a8600000| PB 0x00000000a8600000| Untracked 
| 647|0x00000000a8700000, 0x00000000a8700000, 0x00000000a8800000|  0%| F|  |TAMS 0x00000000a8700000| PB 0x00000000a8700000| Untracked 
| 648|0x00000000a8800000, 0x00000000a8800000, 0x00000000a8900000|  0%| F|  |TAMS 0x00000000a8800000| PB 0x00000000a8800000| Untracked 
| 649|0x00000000a8900000, 0x00000000a8900000, 0x00000000a8a00000|  0%| F|  |TAMS 0x00000000a8900000| PB 0x00000000a8900000| Untracked 
| 650|0x00000000a8a00000, 0x00000000a8a00000, 0x00000000a8b00000|  0%| F|  |TAMS 0x00000000a8a00000| PB 0x00000000a8a00000| Untracked 
| 651|0x00000000a8b00000, 0x00000000a8b00000, 0x00000000a8c00000|  0%| F|  |TAMS 0x00000000a8b00000| PB 0x00000000a8b00000| Untracked 
| 652|0x00000000a8c00000, 0x00000000a8c00000, 0x00000000a8d00000|  0%| F|  |TAMS 0x00000000a8c00000| PB 0x00000000a8c00000| Untracked 
| 653|0x00000000a8d00000, 0x00000000a8d00000, 0x00000000a8e00000|  0%| F|  |TAMS 0x00000000a8d00000| PB 0x00000000a8d00000| Untracked 
| 654|0x00000000a8e00000, 0x00000000a8e00000, 0x00000000a8f00000|  0%| F|  |TAMS 0x00000000a8e00000| PB 0x00000000a8e00000| Untracked 
| 655|0x00000000a8f00000, 0x00000000a8f00000, 0x00000000a9000000|  0%| F|  |TAMS 0x00000000a8f00000| PB 0x00000000a8f00000| Untracked 
| 656|0x00000000a9000000, 0x00000000a9000000, 0x00000000a9100000|  0%| F|  |TAMS 0x00000000a9000000| PB 0x00000000a9000000| Untracked 
| 657|0x00000000a9100000, 0x00000000a9100000, 0x00000000a9200000|  0%| F|  |TAMS 0x00000000a9100000| PB 0x00000000a9100000| Untracked 
| 658|0x00000000a9200000, 0x00000000a9200000, 0x00000000a9300000|  0%| F|  |TAMS 0x00000000a9200000| PB 0x00000000a9200000| Untracked 
| 659|0x00000000a9300000, 0x00000000a9300000, 0x00000000a9400000|  0%| F|  |TAMS 0x00000000a9300000| PB 0x00000000a9300000| Untracked 
| 660|0x00000000a9400000, 0x00000000a9400000, 0x00000000a9500000|  0%| F|  |TAMS 0x00000000a9400000| PB 0x00000000a9400000| Untracked 
| 661|0x00000000a9500000, 0x00000000a9500000, 0x00000000a9600000|  0%| F|  |TAMS 0x00000000a9500000| PB 0x00000000a9500000| Untracked 
| 662|0x00000000a9600000, 0x00000000a9600000, 0x00000000a9700000|  0%| F|  |TAMS 0x00000000a9600000| PB 0x00000000a9600000| Untracked 
| 663|0x00000000a9700000, 0x00000000a9700000, 0x00000000a9800000|  0%| F|  |TAMS 0x00000000a9700000| PB 0x00000000a9700000| Untracked 
| 664|0x00000000a9800000, 0x00000000a9800000, 0x00000000a9900000|  0%| F|  |TAMS 0x00000000a9800000| PB 0x00000000a9800000| Untracked 
| 665|0x00000000a9900000, 0x00000000a9900000, 0x00000000a9a00000|  0%| F|  |TAMS 0x00000000a9900000| PB 0x00000000a9900000| Untracked 
| 666|0x00000000a9a00000, 0x00000000a9a00000, 0x00000000a9b00000|  0%| F|  |TAMS 0x00000000a9a00000| PB 0x00000000a9a00000| Untracked 
| 667|0x00000000a9b00000, 0x00000000a9b00000, 0x00000000a9c00000|  0%| F|  |TAMS 0x00000000a9b00000| PB 0x00000000a9b00000| Untracked 
| 668|0x00000000a9c00000, 0x00000000a9c00000, 0x00000000a9d00000|  0%| F|  |TAMS 0x00000000a9c00000| PB 0x00000000a9c00000| Untracked 
| 669|0x00000000a9d00000, 0x00000000a9d00000, 0x00000000a9e00000|  0%| F|  |TAMS 0x00000000a9d00000| PB 0x00000000a9d00000| Untracked 
| 670|0x00000000a9e00000, 0x00000000a9e00000, 0x00000000a9f00000|  0%| F|  |TAMS 0x00000000a9e00000| PB 0x00000000a9e00000| Untracked 
| 671|0x00000000a9f00000, 0x00000000a9f00000, 0x00000000aa000000|  0%| F|  |TAMS 0x00000000a9f00000| PB 0x00000000a9f00000| Untracked 
| 672|0x00000000aa000000, 0x00000000aa000000, 0x00000000aa100000|  0%| F|  |TAMS 0x00000000aa000000| PB 0x00000000aa000000| Untracked 
| 673|0x00000000aa100000, 0x00000000aa100000, 0x00000000aa200000|  0%| F|  |TAMS 0x00000000aa100000| PB 0x00000000aa100000| Untracked 
| 674|0x00000000aa200000, 0x00000000aa200000, 0x00000000aa300000|  0%| F|  |TAMS 0x00000000aa200000| PB 0x00000000aa200000| Untracked 
| 675|0x00000000aa300000, 0x00000000aa300000, 0x00000000aa400000|  0%| F|  |TAMS 0x00000000aa300000| PB 0x00000000aa300000| Untracked 
| 676|0x00000000aa400000, 0x00000000aa400000, 0x00000000aa500000|  0%| F|  |TAMS 0x00000000aa400000| PB 0x00000000aa400000| Untracked 
| 677|0x00000000aa500000, 0x00000000aa500000, 0x00000000aa600000|  0%| F|  |TAMS 0x00000000aa500000| PB 0x00000000aa500000| Untracked 
| 678|0x00000000aa600000, 0x00000000aa600000, 0x00000000aa700000|  0%| F|  |TAMS 0x00000000aa600000| PB 0x00000000aa600000| Untracked 
| 679|0x00000000aa700000, 0x00000000aa700000, 0x00000000aa800000|  0%| F|  |TAMS 0x00000000aa700000| PB 0x00000000aa700000| Untracked 
| 680|0x00000000aa800000, 0x00000000aa800000, 0x00000000aa900000|  0%| F|  |TAMS 0x00000000aa800000| PB 0x00000000aa800000| Untracked 
| 681|0x00000000aa900000, 0x00000000aa900000, 0x00000000aaa00000|  0%| F|  |TAMS 0x00000000aa900000| PB 0x00000000aa900000| Untracked 
| 682|0x00000000aaa00000, 0x00000000aaa00000, 0x00000000aab00000|  0%| F|  |TAMS 0x00000000aaa00000| PB 0x00000000aaa00000| Untracked 
| 683|0x00000000aab00000, 0x00000000aab00000, 0x00000000aac00000|  0%| F|  |TAMS 0x00000000aab00000| PB 0x00000000aab00000| Untracked 
| 684|0x00000000aac00000, 0x00000000aac00000, 0x00000000aad00000|  0%| F|  |TAMS 0x00000000aac00000| PB 0x00000000aac00000| Untracked 
| 685|0x00000000aad00000, 0x00000000aad00000, 0x00000000aae00000|  0%| F|  |TAMS 0x00000000aad00000| PB 0x00000000aad00000| Untracked 
| 686|0x00000000aae00000, 0x00000000aae00000, 0x00000000aaf00000|  0%| F|  |TAMS 0x00000000aae00000| PB 0x00000000aae00000| Untracked 
| 687|0x00000000aaf00000, 0x00000000aaf00000, 0x00000000ab000000|  0%| F|  |TAMS 0x00000000aaf00000| PB 0x00000000aaf00000| Untracked 
| 688|0x00000000ab000000, 0x00000000ab000000, 0x00000000ab100000|  0%| F|  |TAMS 0x00000000ab000000| PB 0x00000000ab000000| Untracked 
| 689|0x00000000ab100000, 0x00000000ab100000, 0x00000000ab200000|  0%| F|  |TAMS 0x00000000ab100000| PB 0x00000000ab100000| Untracked 
| 690|0x00000000ab200000, 0x00000000ab200000, 0x00000000ab300000|  0%| F|  |TAMS 0x00000000ab200000| PB 0x00000000ab200000| Untracked 
| 691|0x00000000ab300000, 0x00000000ab300000, 0x00000000ab400000|  0%| F|  |TAMS 0x00000000ab300000| PB 0x00000000ab300000| Untracked 
| 692|0x00000000ab400000, 0x00000000ab400000, 0x00000000ab500000|  0%| F|  |TAMS 0x00000000ab400000| PB 0x00000000ab400000| Untracked 
| 693|0x00000000ab500000, 0x00000000ab500000, 0x00000000ab600000|  0%| F|  |TAMS 0x00000000ab500000| PB 0x00000000ab500000| Untracked 
| 694|0x00000000ab600000, 0x00000000ab600000, 0x00000000ab700000|  0%| F|  |TAMS 0x00000000ab600000| PB 0x00000000ab600000| Untracked 
| 695|0x00000000ab700000, 0x00000000ab700000, 0x00000000ab800000|  0%| F|  |TAMS 0x00000000ab700000| PB 0x00000000ab700000| Untracked 
| 696|0x00000000ab800000, 0x00000000ab800000, 0x00000000ab900000|  0%| F|  |TAMS 0x00000000ab800000| PB 0x00000000ab800000| Untracked 
| 697|0x00000000ab900000, 0x00000000ab900000, 0x00000000aba00000|  0%| F|  |TAMS 0x00000000ab900000| PB 0x00000000ab900000| Untracked 
| 698|0x00000000aba00000, 0x00000000aba00000, 0x00000000abb00000|  0%| F|  |TAMS 0x00000000aba00000| PB 0x00000000aba00000| Untracked 
| 699|0x00000000abb00000, 0x00000000abb00000, 0x00000000abc00000|  0%| F|  |TAMS 0x00000000abb00000| PB 0x00000000abb00000| Untracked 
| 700|0x00000000abc00000, 0x00000000abc00000, 0x00000000abd00000|  0%| F|  |TAMS 0x00000000abc00000| PB 0x00000000abc00000| Untracked 
| 701|0x00000000abd00000, 0x00000000abd00000, 0x00000000abe00000|  0%| F|  |TAMS 0x00000000abd00000| PB 0x00000000abd00000| Untracked 
| 702|0x00000000abe00000, 0x00000000abe00000, 0x00000000abf00000|  0%| F|  |TAMS 0x00000000abe00000| PB 0x00000000abe00000| Untracked 
| 703|0x00000000abf00000, 0x00000000abf00000, 0x00000000ac000000|  0%| F|  |TAMS 0x00000000abf00000| PB 0x00000000abf00000| Untracked 
| 704|0x00000000ac000000, 0x00000000ac000000, 0x00000000ac100000|  0%| F|  |TAMS 0x00000000ac000000| PB 0x00000000ac000000| Untracked 
| 705|0x00000000ac100000, 0x00000000ac100000, 0x00000000ac200000|  0%| F|  |TAMS 0x00000000ac100000| PB 0x00000000ac100000| Untracked 
| 706|0x00000000ac200000, 0x00000000ac200000, 0x00000000ac300000|  0%| F|  |TAMS 0x00000000ac200000| PB 0x00000000ac200000| Untracked 
| 707|0x00000000ac300000, 0x00000000ac300000, 0x00000000ac400000|  0%| F|  |TAMS 0x00000000ac300000| PB 0x00000000ac300000| Untracked 
| 708|0x00000000ac400000, 0x00000000ac400000, 0x00000000ac500000|  0%| F|  |TAMS 0x00000000ac400000| PB 0x00000000ac400000| Untracked 
| 709|0x00000000ac500000, 0x00000000ac500000, 0x00000000ac600000|  0%| F|  |TAMS 0x00000000ac500000| PB 0x00000000ac500000| Untracked 
| 710|0x00000000ac600000, 0x00000000ac600000, 0x00000000ac700000|  0%| F|  |TAMS 0x00000000ac600000| PB 0x00000000ac600000| Untracked 
| 711|0x00000000ac700000, 0x00000000ac700000, 0x00000000ac800000|  0%| F|  |TAMS 0x00000000ac700000| PB 0x00000000ac700000| Untracked 
| 712|0x00000000ac800000, 0x00000000ac800000, 0x00000000ac900000|  0%| F|  |TAMS 0x00000000ac800000| PB 0x00000000ac800000| Untracked 
| 713|0x00000000ac900000, 0x00000000ac900000, 0x00000000aca00000|  0%| F|  |TAMS 0x00000000ac900000| PB 0x00000000ac900000| Untracked 
| 714|0x00000000aca00000, 0x00000000aca00000, 0x00000000acb00000|  0%| F|  |TAMS 0x00000000aca00000| PB 0x00000000aca00000| Untracked 
| 715|0x00000000acb00000, 0x00000000acb00000, 0x00000000acc00000|  0%| F|  |TAMS 0x00000000acb00000| PB 0x00000000acb00000| Untracked 
| 716|0x00000000acc00000, 0x00000000acc00000, 0x00000000acd00000|  0%| F|  |TAMS 0x00000000acc00000| PB 0x00000000acc00000| Untracked 
| 717|0x00000000acd00000, 0x00000000acd00000, 0x00000000ace00000|  0%| F|  |TAMS 0x00000000acd00000| PB 0x00000000acd00000| Untracked 
| 718|0x00000000ace00000, 0x00000000ace00000, 0x00000000acf00000|  0%| F|  |TAMS 0x00000000ace00000| PB 0x00000000ace00000| Untracked 
| 719|0x00000000acf00000, 0x00000000acf00000, 0x00000000ad000000|  0%| F|  |TAMS 0x00000000acf00000| PB 0x00000000acf00000| Untracked 
| 720|0x00000000ad000000, 0x00000000ad000000, 0x00000000ad100000|  0%| F|  |TAMS 0x00000000ad000000| PB 0x00000000ad000000| Untracked 
| 721|0x00000000ad100000, 0x00000000ad100000, 0x00000000ad200000|  0%| F|  |TAMS 0x00000000ad100000| PB 0x00000000ad100000| Untracked 
| 722|0x00000000ad200000, 0x00000000ad200000, 0x00000000ad300000|  0%| F|  |TAMS 0x00000000ad200000| PB 0x00000000ad200000| Untracked 
| 723|0x00000000ad300000, 0x00000000ad300000, 0x00000000ad400000|  0%| F|  |TAMS 0x00000000ad300000| PB 0x00000000ad300000| Untracked 
| 724|0x00000000ad400000, 0x00000000ad400000, 0x00000000ad500000|  0%| F|  |TAMS 0x00000000ad400000| PB 0x00000000ad400000| Untracked 
| 725|0x00000000ad500000, 0x00000000ad500000, 0x00000000ad600000|  0%| F|  |TAMS 0x00000000ad500000| PB 0x00000000ad500000| Untracked 
| 726|0x00000000ad600000, 0x00000000ad600000, 0x00000000ad700000|  0%| F|  |TAMS 0x00000000ad600000| PB 0x00000000ad600000| Untracked 
| 727|0x00000000ad700000, 0x00000000ad700000, 0x00000000ad800000|  0%| F|  |TAMS 0x00000000ad700000| PB 0x00000000ad700000| Untracked 
| 728|0x00000000ad800000, 0x00000000ad800000, 0x00000000ad900000|  0%| F|  |TAMS 0x00000000ad800000| PB 0x00000000ad800000| Untracked 
| 729|0x00000000ad900000, 0x00000000ad900000, 0x00000000ada00000|  0%| F|  |TAMS 0x00000000ad900000| PB 0x00000000ad900000| Untracked 
| 730|0x00000000ada00000, 0x00000000ada00000, 0x00000000adb00000|  0%| F|  |TAMS 0x00000000ada00000| PB 0x00000000ada00000| Untracked 
| 731|0x00000000adb00000, 0x00000000adb00000, 0x00000000adc00000|  0%| F|  |TAMS 0x00000000adb00000| PB 0x00000000adb00000| Untracked 
| 732|0x00000000adc00000, 0x00000000adc00000, 0x00000000add00000|  0%| F|  |TAMS 0x00000000adc00000| PB 0x00000000adc00000| Untracked 
| 733|0x00000000add00000, 0x00000000add00000, 0x00000000ade00000|  0%| F|  |TAMS 0x00000000add00000| PB 0x00000000add00000| Untracked 
| 734|0x00000000ade00000, 0x00000000ade00000, 0x00000000adf00000|  0%| F|  |TAMS 0x00000000ade00000| PB 0x00000000ade00000| Untracked 
| 735|0x00000000adf00000, 0x00000000adf00000, 0x00000000ae000000|  0%| F|  |TAMS 0x00000000adf00000| PB 0x00000000adf00000| Untracked 
| 736|0x00000000ae000000, 0x00000000ae000000, 0x00000000ae100000|  0%| F|  |TAMS 0x00000000ae000000| PB 0x00000000ae000000| Untracked 
| 737|0x00000000ae100000, 0x00000000ae100000, 0x00000000ae200000|  0%| F|  |TAMS 0x00000000ae100000| PB 0x00000000ae100000| Untracked 
| 738|0x00000000ae200000, 0x00000000ae200000, 0x00000000ae300000|  0%| F|  |TAMS 0x00000000ae200000| PB 0x00000000ae200000| Untracked 
| 739|0x00000000ae300000, 0x00000000ae300000, 0x00000000ae400000|  0%| F|  |TAMS 0x00000000ae300000| PB 0x00000000ae300000| Untracked 
| 740|0x00000000ae400000, 0x00000000ae400000, 0x00000000ae500000|  0%| F|  |TAMS 0x00000000ae400000| PB 0x00000000ae400000| Untracked 
| 741|0x00000000ae500000, 0x00000000ae500000, 0x00000000ae600000|  0%| F|  |TAMS 0x00000000ae500000| PB 0x00000000ae500000| Untracked 
| 742|0x00000000ae600000, 0x00000000ae600000, 0x00000000ae700000|  0%| F|  |TAMS 0x00000000ae600000| PB 0x00000000ae600000| Untracked 
| 743|0x00000000ae700000, 0x00000000ae700000, 0x00000000ae800000|  0%| F|  |TAMS 0x00000000ae700000| PB 0x00000000ae700000| Untracked 
| 744|0x00000000ae800000, 0x00000000ae800000, 0x00000000ae900000|  0%| F|  |TAMS 0x00000000ae800000| PB 0x00000000ae800000| Untracked 
| 745|0x00000000ae900000, 0x00000000ae900000, 0x00000000aea00000|  0%| F|  |TAMS 0x00000000ae900000| PB 0x00000000ae900000| Untracked 
| 746|0x00000000aea00000, 0x00000000aea00000, 0x00000000aeb00000|  0%| F|  |TAMS 0x00000000aea00000| PB 0x00000000aea00000| Untracked 
| 747|0x00000000aeb00000, 0x00000000aeb00000, 0x00000000aec00000|  0%| F|  |TAMS 0x00000000aeb00000| PB 0x00000000aeb00000| Untracked 
| 748|0x00000000aec00000, 0x00000000aec00000, 0x00000000aed00000|  0%| F|  |TAMS 0x00000000aec00000| PB 0x00000000aec00000| Untracked 
| 749|0x00000000aed00000, 0x00000000aed00000, 0x00000000aee00000|  0%| F|  |TAMS 0x00000000aed00000| PB 0x00000000aed00000| Untracked 
| 750|0x00000000aee00000, 0x00000000aee00000, 0x00000000aef00000|  0%| F|  |TAMS 0x00000000aee00000| PB 0x00000000aee00000| Untracked 
| 751|0x00000000aef00000, 0x00000000aef00000, 0x00000000af000000|  0%| F|  |TAMS 0x00000000aef00000| PB 0x00000000aef00000| Untracked 
| 752|0x00000000af000000, 0x00000000af000000, 0x00000000af100000|  0%| F|  |TAMS 0x00000000af000000| PB 0x00000000af000000| Untracked 
| 753|0x00000000af100000, 0x00000000af100000, 0x00000000af200000|  0%| F|  |TAMS 0x00000000af100000| PB 0x00000000af100000| Untracked 
| 754|0x00000000af200000, 0x00000000af200000, 0x00000000af300000|  0%| F|  |TAMS 0x00000000af200000| PB 0x00000000af200000| Untracked 
| 755|0x00000000af300000, 0x00000000af300000, 0x00000000af400000|  0%| F|  |TAMS 0x00000000af300000| PB 0x00000000af300000| Untracked 
| 756|0x00000000af400000, 0x00000000af400000, 0x00000000af500000|  0%| F|  |TAMS 0x00000000af400000| PB 0x00000000af400000| Untracked 
| 757|0x00000000af500000, 0x00000000af500000, 0x00000000af600000|  0%| F|  |TAMS 0x00000000af500000| PB 0x00000000af500000| Untracked 
| 758|0x00000000af600000, 0x00000000af600000, 0x00000000af700000|  0%| F|  |TAMS 0x00000000af600000| PB 0x00000000af600000| Untracked 
| 759|0x00000000af700000, 0x00000000af700000, 0x00000000af800000|  0%| F|  |TAMS 0x00000000af700000| PB 0x00000000af700000| Untracked 
| 760|0x00000000af800000, 0x00000000af800000, 0x00000000af900000|  0%| F|  |TAMS 0x00000000af800000| PB 0x00000000af800000| Untracked 
| 761|0x00000000af900000, 0x00000000af900000, 0x00000000afa00000|  0%| F|  |TAMS 0x00000000af900000| PB 0x00000000af900000| Untracked 
| 762|0x00000000afa00000, 0x00000000afa00000, 0x00000000afb00000|  0%| F|  |TAMS 0x00000000afa00000| PB 0x00000000afa00000| Untracked 
| 763|0x00000000afb00000, 0x00000000afb00000, 0x00000000afc00000|  0%| F|  |TAMS 0x00000000afb00000| PB 0x00000000afb00000| Untracked 
| 764|0x00000000afc00000, 0x00000000afc00000, 0x00000000afd00000|  0%| F|  |TAMS 0x00000000afc00000| PB 0x00000000afc00000| Untracked 
| 765|0x00000000afd00000, 0x00000000afd00000, 0x00000000afe00000|  0%| F|  |TAMS 0x00000000afd00000| PB 0x00000000afd00000| Untracked 
| 766|0x00000000afe00000, 0x00000000afe00000, 0x00000000aff00000|  0%| F|  |TAMS 0x00000000afe00000| PB 0x00000000afe00000| Untracked 
| 767|0x00000000aff00000, 0x00000000aff00000, 0x00000000b0000000|  0%| F|  |TAMS 0x00000000aff00000| PB 0x00000000aff00000| Untracked 
| 768|0x00000000b0000000, 0x00000000b0000000, 0x00000000b0100000|  0%| F|  |TAMS 0x00000000b0000000| PB 0x00000000b0000000| Untracked 
| 769|0x00000000b0100000, 0x00000000b0100000, 0x00000000b0200000|  0%| F|  |TAMS 0x00000000b0100000| PB 0x00000000b0100000| Untracked 
| 770|0x00000000b0200000, 0x00000000b0200000, 0x00000000b0300000|  0%| F|  |TAMS 0x00000000b0200000| PB 0x00000000b0200000| Untracked 
| 771|0x00000000b0300000, 0x00000000b0300000, 0x00000000b0400000|  0%| F|  |TAMS 0x00000000b0300000| PB 0x00000000b0300000| Untracked 
| 772|0x00000000b0400000, 0x00000000b0400000, 0x00000000b0500000|  0%| F|  |TAMS 0x00000000b0400000| PB 0x00000000b0400000| Untracked 
| 773|0x00000000b0500000, 0x00000000b0500000, 0x00000000b0600000|  0%| F|  |TAMS 0x00000000b0500000| PB 0x00000000b0500000| Untracked 
| 774|0x00000000b0600000, 0x00000000b0600000, 0x00000000b0700000|  0%| F|  |TAMS 0x00000000b0600000| PB 0x00000000b0600000| Untracked 
| 775|0x00000000b0700000, 0x00000000b0700000, 0x00000000b0800000|  0%| F|  |TAMS 0x00000000b0700000| PB 0x00000000b0700000| Untracked 
| 776|0x00000000b0800000, 0x00000000b0800000, 0x00000000b0900000|  0%| F|  |TAMS 0x00000000b0800000| PB 0x00000000b0800000| Untracked 
| 777|0x00000000b0900000, 0x00000000b0900000, 0x00000000b0a00000|  0%| F|  |TAMS 0x00000000b0900000| PB 0x00000000b0900000| Untracked 
| 778|0x00000000b0a00000, 0x00000000b0a00000, 0x00000000b0b00000|  0%| F|  |TAMS 0x00000000b0a00000| PB 0x00000000b0a00000| Untracked 
| 779|0x00000000b0b00000, 0x00000000b0b00000, 0x00000000b0c00000|  0%| F|  |TAMS 0x00000000b0b00000| PB 0x00000000b0b00000| Untracked 
| 780|0x00000000b0c00000, 0x00000000b0c00000, 0x00000000b0d00000|  0%| F|  |TAMS 0x00000000b0c00000| PB 0x00000000b0c00000| Untracked 
| 781|0x00000000b0d00000, 0x00000000b0d00000, 0x00000000b0e00000|  0%| F|  |TAMS 0x00000000b0d00000| PB 0x00000000b0d00000| Untracked 
| 782|0x00000000b0e00000, 0x00000000b0e00000, 0x00000000b0f00000|  0%| F|  |TAMS 0x00000000b0e00000| PB 0x00000000b0e00000| Untracked 
| 783|0x00000000b0f00000, 0x00000000b0f00000, 0x00000000b1000000|  0%| F|  |TAMS 0x00000000b0f00000| PB 0x00000000b0f00000| Untracked 
| 784|0x00000000b1000000, 0x00000000b1000000, 0x00000000b1100000|  0%| F|  |TAMS 0x00000000b1000000| PB 0x00000000b1000000| Untracked 
| 785|0x00000000b1100000, 0x00000000b1100000, 0x00000000b1200000|  0%| F|  |TAMS 0x00000000b1100000| PB 0x00000000b1100000| Untracked 
| 786|0x00000000b1200000, 0x00000000b1200000, 0x00000000b1300000|  0%| F|  |TAMS 0x00000000b1200000| PB 0x00000000b1200000| Untracked 
| 787|0x00000000b1300000, 0x00000000b1300000, 0x00000000b1400000|  0%| F|  |TAMS 0x00000000b1300000| PB 0x00000000b1300000| Untracked 
| 788|0x00000000b1400000, 0x00000000b1400000, 0x00000000b1500000|  0%| F|  |TAMS 0x00000000b1400000| PB 0x00000000b1400000| Untracked 
| 789|0x00000000b1500000, 0x00000000b1500000, 0x00000000b1600000|  0%| F|  |TAMS 0x00000000b1500000| PB 0x00000000b1500000| Untracked 
| 790|0x00000000b1600000, 0x00000000b1600000, 0x00000000b1700000|  0%| F|  |TAMS 0x00000000b1600000| PB 0x00000000b1600000| Untracked 
| 791|0x00000000b1700000, 0x00000000b1700000, 0x00000000b1800000|  0%| F|  |TAMS 0x00000000b1700000| PB 0x00000000b1700000| Untracked 
| 792|0x00000000b1800000, 0x00000000b1800000, 0x00000000b1900000|  0%| F|  |TAMS 0x00000000b1800000| PB 0x00000000b1800000| Untracked 
| 793|0x00000000b1900000, 0x00000000b1900000, 0x00000000b1a00000|  0%| F|  |TAMS 0x00000000b1900000| PB 0x00000000b1900000| Untracked 
| 794|0x00000000b1a00000, 0x00000000b1a00000, 0x00000000b1b00000|  0%| F|  |TAMS 0x00000000b1a00000| PB 0x00000000b1a00000| Untracked 
| 795|0x00000000b1b00000, 0x00000000b1b00000, 0x00000000b1c00000|  0%| F|  |TAMS 0x00000000b1b00000| PB 0x00000000b1b00000| Untracked 
| 796|0x00000000b1c00000, 0x00000000b1c00000, 0x00000000b1d00000|  0%| F|  |TAMS 0x00000000b1c00000| PB 0x00000000b1c00000| Untracked 
| 797|0x00000000b1d00000, 0x00000000b1d00000, 0x00000000b1e00000|  0%| F|  |TAMS 0x00000000b1d00000| PB 0x00000000b1d00000| Untracked 
| 798|0x00000000b1e00000, 0x00000000b1e00000, 0x00000000b1f00000|  0%| F|  |TAMS 0x00000000b1e00000| PB 0x00000000b1e00000| Untracked 
| 799|0x00000000b1f00000, 0x00000000b1f00000, 0x00000000b2000000|  0%| F|  |TAMS 0x00000000b1f00000| PB 0x00000000b1f00000| Untracked 
| 800|0x00000000b2000000, 0x00000000b2000000, 0x00000000b2100000|  0%| F|  |TAMS 0x00000000b2000000| PB 0x00000000b2000000| Untracked 
| 801|0x00000000b2100000, 0x00000000b2100000, 0x00000000b2200000|  0%| F|  |TAMS 0x00000000b2100000| PB 0x00000000b2100000| Untracked 
| 802|0x00000000b2200000, 0x00000000b2200000, 0x00000000b2300000|  0%| F|  |TAMS 0x00000000b2200000| PB 0x00000000b2200000| Untracked 
| 803|0x00000000b2300000, 0x00000000b2300000, 0x00000000b2400000|  0%| F|  |TAMS 0x00000000b2300000| PB 0x00000000b2300000| Untracked 
| 804|0x00000000b2400000, 0x00000000b2400000, 0x00000000b2500000|  0%| F|  |TAMS 0x00000000b2400000| PB 0x00000000b2400000| Untracked 
| 805|0x00000000b2500000, 0x00000000b2500000, 0x00000000b2600000|  0%| F|  |TAMS 0x00000000b2500000| PB 0x00000000b2500000| Untracked 
| 806|0x00000000b2600000, 0x00000000b2600000, 0x00000000b2700000|  0%| F|  |TAMS 0x00000000b2600000| PB 0x00000000b2600000| Untracked 
| 807|0x00000000b2700000, 0x00000000b2700000, 0x00000000b2800000|  0%| F|  |TAMS 0x00000000b2700000| PB 0x00000000b2700000| Untracked 
| 808|0x00000000b2800000, 0x00000000b2800000, 0x00000000b2900000|  0%| F|  |TAMS 0x00000000b2800000| PB 0x00000000b2800000| Untracked 
| 809|0x00000000b2900000, 0x00000000b2900000, 0x00000000b2a00000|  0%| F|  |TAMS 0x00000000b2900000| PB 0x00000000b2900000| Untracked 
| 810|0x00000000b2a00000, 0x00000000b2a00000, 0x00000000b2b00000|  0%| F|  |TAMS 0x00000000b2a00000| PB 0x00000000b2a00000| Untracked 
| 811|0x00000000b2b00000, 0x00000000b2b00000, 0x00000000b2c00000|  0%| F|  |TAMS 0x00000000b2b00000| PB 0x00000000b2b00000| Untracked 
| 812|0x00000000b2c00000, 0x00000000b2c00000, 0x00000000b2d00000|  0%| F|  |TAMS 0x00000000b2c00000| PB 0x00000000b2c00000| Untracked 
| 813|0x00000000b2d00000, 0x00000000b2d00000, 0x00000000b2e00000|  0%| F|  |TAMS 0x00000000b2d00000| PB 0x00000000b2d00000| Untracked 
| 814|0x00000000b2e00000, 0x00000000b2e00000, 0x00000000b2f00000|  0%| F|  |TAMS 0x00000000b2e00000| PB 0x00000000b2e00000| Untracked 
| 815|0x00000000b2f00000, 0x00000000b2f00000, 0x00000000b3000000|  0%| F|  |TAMS 0x00000000b2f00000| PB 0x00000000b2f00000| Untracked 
| 816|0x00000000b3000000, 0x00000000b3000000, 0x00000000b3100000|  0%| F|  |TAMS 0x00000000b3000000| PB 0x00000000b3000000| Untracked 
| 817|0x00000000b3100000, 0x00000000b3100000, 0x00000000b3200000|  0%| F|  |TAMS 0x00000000b3100000| PB 0x00000000b3100000| Untracked 
| 818|0x00000000b3200000, 0x00000000b3200000, 0x00000000b3300000|  0%| F|  |TAMS 0x00000000b3200000| PB 0x00000000b3200000| Untracked 
| 819|0x00000000b3300000, 0x00000000b3300000, 0x00000000b3400000|  0%| F|  |TAMS 0x00000000b3300000| PB 0x00000000b3300000| Untracked 
| 820|0x00000000b3400000, 0x00000000b3400000, 0x00000000b3500000|  0%| F|  |TAMS 0x00000000b3400000| PB 0x00000000b3400000| Untracked 
| 821|0x00000000b3500000, 0x00000000b3500000, 0x00000000b3600000|  0%| F|  |TAMS 0x00000000b3500000| PB 0x00000000b3500000| Untracked 
| 822|0x00000000b3600000, 0x00000000b3600000, 0x00000000b3700000|  0%| F|  |TAMS 0x00000000b3600000| PB 0x00000000b3600000| Untracked 
| 823|0x00000000b3700000, 0x00000000b3700000, 0x00000000b3800000|  0%| F|  |TAMS 0x00000000b3700000| PB 0x00000000b3700000| Untracked 
| 824|0x00000000b3800000, 0x00000000b3800000, 0x00000000b3900000|  0%| F|  |TAMS 0x00000000b3800000| PB 0x00000000b3800000| Untracked 
| 825|0x00000000b3900000, 0x00000000b3900000, 0x00000000b3a00000|  0%| F|  |TAMS 0x00000000b3900000| PB 0x00000000b3900000| Untracked 
| 826|0x00000000b3a00000, 0x00000000b3a00000, 0x00000000b3b00000|  0%| F|  |TAMS 0x00000000b3a00000| PB 0x00000000b3a00000| Untracked 
| 827|0x00000000b3b00000, 0x00000000b3b00000, 0x00000000b3c00000|  0%| F|  |TAMS 0x00000000b3b00000| PB 0x00000000b3b00000| Untracked 
| 828|0x00000000b3c00000, 0x00000000b3c00000, 0x00000000b3d00000|  0%| F|  |TAMS 0x00000000b3c00000| PB 0x00000000b3c00000| Untracked 
| 829|0x00000000b3d00000, 0x00000000b3d00000, 0x00000000b3e00000|  0%| F|  |TAMS 0x00000000b3d00000| PB 0x00000000b3d00000| Untracked 
| 830|0x00000000b3e00000, 0x00000000b3e00000, 0x00000000b3f00000|  0%| F|  |TAMS 0x00000000b3e00000| PB 0x00000000b3e00000| Untracked 
| 831|0x00000000b3f00000, 0x00000000b3f00000, 0x00000000b4000000|  0%| F|  |TAMS 0x00000000b3f00000| PB 0x00000000b3f00000| Untracked 
| 832|0x00000000b4000000, 0x00000000b4000000, 0x00000000b4100000|  0%| F|  |TAMS 0x00000000b4000000| PB 0x00000000b4000000| Untracked 
| 833|0x00000000b4100000, 0x00000000b4100000, 0x00000000b4200000|  0%| F|  |TAMS 0x00000000b4100000| PB 0x00000000b4100000| Untracked 
| 834|0x00000000b4200000, 0x00000000b4200000, 0x00000000b4300000|  0%| F|  |TAMS 0x00000000b4200000| PB 0x00000000b4200000| Untracked 
| 835|0x00000000b4300000, 0x00000000b4300000, 0x00000000b4400000|  0%| F|  |TAMS 0x00000000b4300000| PB 0x00000000b4300000| Untracked 
| 836|0x00000000b4400000, 0x00000000b4400000, 0x00000000b4500000|  0%| F|  |TAMS 0x00000000b4400000| PB 0x00000000b4400000| Untracked 
| 837|0x00000000b4500000, 0x00000000b4500000, 0x00000000b4600000|  0%| F|  |TAMS 0x00000000b4500000| PB 0x00000000b4500000| Untracked 
| 838|0x00000000b4600000, 0x00000000b4600000, 0x00000000b4700000|  0%| F|  |TAMS 0x00000000b4600000| PB 0x00000000b4600000| Untracked 
| 839|0x00000000b4700000, 0x00000000b4700000, 0x00000000b4800000|  0%| F|  |TAMS 0x00000000b4700000| PB 0x00000000b4700000| Untracked 
| 840|0x00000000b4800000, 0x00000000b4800000, 0x00000000b4900000|  0%| F|  |TAMS 0x00000000b4800000| PB 0x00000000b4800000| Untracked 
| 841|0x00000000b4900000, 0x00000000b4900000, 0x00000000b4a00000|  0%| F|  |TAMS 0x00000000b4900000| PB 0x00000000b4900000| Untracked 
| 842|0x00000000b4a00000, 0x00000000b4a00000, 0x00000000b4b00000|  0%| F|  |TAMS 0x00000000b4a00000| PB 0x00000000b4a00000| Untracked 
| 843|0x00000000b4b00000, 0x00000000b4b00000, 0x00000000b4c00000|  0%| F|  |TAMS 0x00000000b4b00000| PB 0x00000000b4b00000| Untracked 
| 844|0x00000000b4c00000, 0x00000000b4c00000, 0x00000000b4d00000|  0%| F|  |TAMS 0x00000000b4c00000| PB 0x00000000b4c00000| Untracked 
| 845|0x00000000b4d00000, 0x00000000b4d00000, 0x00000000b4e00000|  0%| F|  |TAMS 0x00000000b4d00000| PB 0x00000000b4d00000| Untracked 
| 846|0x00000000b4e00000, 0x00000000b4e00000, 0x00000000b4f00000|  0%| F|  |TAMS 0x00000000b4e00000| PB 0x00000000b4e00000| Untracked 
| 847|0x00000000b4f00000, 0x00000000b4f00000, 0x00000000b5000000|  0%| F|  |TAMS 0x00000000b4f00000| PB 0x00000000b4f00000| Untracked 
| 848|0x00000000b5000000, 0x00000000b5000000, 0x00000000b5100000|  0%| F|  |TAMS 0x00000000b5000000| PB 0x00000000b5000000| Untracked 
| 849|0x00000000b5100000, 0x00000000b5100000, 0x00000000b5200000|  0%| F|  |TAMS 0x00000000b5100000| PB 0x00000000b5100000| Untracked 
| 850|0x00000000b5200000, 0x00000000b5200000, 0x00000000b5300000|  0%| F|  |TAMS 0x00000000b5200000| PB 0x00000000b5200000| Untracked 
| 851|0x00000000b5300000, 0x00000000b5300000, 0x00000000b5400000|  0%| F|  |TAMS 0x00000000b5300000| PB 0x00000000b5300000| Untracked 
| 852|0x00000000b5400000, 0x00000000b5400000, 0x00000000b5500000|  0%| F|  |TAMS 0x00000000b5400000| PB 0x00000000b5400000| Untracked 
| 853|0x00000000b5500000, 0x00000000b5500000, 0x00000000b5600000|  0%| F|  |TAMS 0x00000000b5500000| PB 0x00000000b5500000| Untracked 
| 854|0x00000000b5600000, 0x00000000b5600000, 0x00000000b5700000|  0%| F|  |TAMS 0x00000000b5600000| PB 0x00000000b5600000| Untracked 
| 855|0x00000000b5700000, 0x00000000b5700000, 0x00000000b5800000|  0%| F|  |TAMS 0x00000000b5700000| PB 0x00000000b5700000| Untracked 
| 856|0x00000000b5800000, 0x00000000b5800000, 0x00000000b5900000|  0%| F|  |TAMS 0x00000000b5800000| PB 0x00000000b5800000| Untracked 
| 857|0x00000000b5900000, 0x00000000b5900000, 0x00000000b5a00000|  0%| F|  |TAMS 0x00000000b5900000| PB 0x00000000b5900000| Untracked 
| 858|0x00000000b5a00000, 0x00000000b5a00000, 0x00000000b5b00000|  0%| F|  |TAMS 0x00000000b5a00000| PB 0x00000000b5a00000| Untracked 
| 859|0x00000000b5b00000, 0x00000000b5b00000, 0x00000000b5c00000|  0%| F|  |TAMS 0x00000000b5b00000| PB 0x00000000b5b00000| Untracked 
| 860|0x00000000b5c00000, 0x00000000b5c00000, 0x00000000b5d00000|  0%| F|  |TAMS 0x00000000b5c00000| PB 0x00000000b5c00000| Untracked 
| 861|0x00000000b5d00000, 0x00000000b5d00000, 0x00000000b5e00000|  0%| F|  |TAMS 0x00000000b5d00000| PB 0x00000000b5d00000| Untracked 
| 862|0x00000000b5e00000, 0x00000000b5e00000, 0x00000000b5f00000|  0%| F|  |TAMS 0x00000000b5e00000| PB 0x00000000b5e00000| Untracked 
| 863|0x00000000b5f00000, 0x00000000b5f00000, 0x00000000b6000000|  0%| F|  |TAMS 0x00000000b5f00000| PB 0x00000000b5f00000| Untracked 
| 864|0x00000000b6000000, 0x00000000b6000000, 0x00000000b6100000|  0%| F|  |TAMS 0x00000000b6000000| PB 0x00000000b6000000| Untracked 
| 865|0x00000000b6100000, 0x00000000b6100000, 0x00000000b6200000|  0%| F|  |TAMS 0x00000000b6100000| PB 0x00000000b6100000| Untracked 
| 866|0x00000000b6200000, 0x00000000b6200000, 0x00000000b6300000|  0%| F|  |TAMS 0x00000000b6200000| PB 0x00000000b6200000| Untracked 
| 867|0x00000000b6300000, 0x00000000b6300000, 0x00000000b6400000|  0%| F|  |TAMS 0x00000000b6300000| PB 0x00000000b6300000| Untracked 
| 868|0x00000000b6400000, 0x00000000b6400000, 0x00000000b6500000|  0%| F|  |TAMS 0x00000000b6400000| PB 0x00000000b6400000| Untracked 
| 869|0x00000000b6500000, 0x00000000b6500000, 0x00000000b6600000|  0%| F|  |TAMS 0x00000000b6500000| PB 0x00000000b6500000| Untracked 
| 870|0x00000000b6600000, 0x00000000b6600000, 0x00000000b6700000|  0%| F|  |TAMS 0x00000000b6600000| PB 0x00000000b6600000| Untracked 
| 871|0x00000000b6700000, 0x00000000b6700000, 0x00000000b6800000|  0%| F|  |TAMS 0x00000000b6700000| PB 0x00000000b6700000| Untracked 
| 872|0x00000000b6800000, 0x00000000b6800000, 0x00000000b6900000|  0%| F|  |TAMS 0x00000000b6800000| PB 0x00000000b6800000| Untracked 
| 873|0x00000000b6900000, 0x00000000b6900000, 0x00000000b6a00000|  0%| F|  |TAMS 0x00000000b6900000| PB 0x00000000b6900000| Untracked 
| 874|0x00000000b6a00000, 0x00000000b6a00000, 0x00000000b6b00000|  0%| F|  |TAMS 0x00000000b6a00000| PB 0x00000000b6a00000| Untracked 
| 875|0x00000000b6b00000, 0x00000000b6b00000, 0x00000000b6c00000|  0%| F|  |TAMS 0x00000000b6b00000| PB 0x00000000b6b00000| Untracked 
| 876|0x00000000b6c00000, 0x00000000b6c00000, 0x00000000b6d00000|  0%| F|  |TAMS 0x00000000b6c00000| PB 0x00000000b6c00000| Untracked 
| 877|0x00000000b6d00000, 0x00000000b6d00000, 0x00000000b6e00000|  0%| F|  |TAMS 0x00000000b6d00000| PB 0x00000000b6d00000| Untracked 
| 878|0x00000000b6e00000, 0x00000000b6e00000, 0x00000000b6f00000|  0%| F|  |TAMS 0x00000000b6e00000| PB 0x00000000b6e00000| Untracked 
| 879|0x00000000b6f00000, 0x00000000b6f00000, 0x00000000b7000000|  0%| F|  |TAMS 0x00000000b6f00000| PB 0x00000000b6f00000| Untracked 
| 880|0x00000000b7000000, 0x00000000b7000000, 0x00000000b7100000|  0%| F|  |TAMS 0x00000000b7000000| PB 0x00000000b7000000| Untracked 
| 881|0x00000000b7100000, 0x00000000b7100000, 0x00000000b7200000|  0%| F|  |TAMS 0x00000000b7100000| PB 0x00000000b7100000| Untracked 
| 882|0x00000000b7200000, 0x00000000b7200000, 0x00000000b7300000|  0%| F|  |TAMS 0x00000000b7200000| PB 0x00000000b7200000| Untracked 
| 883|0x00000000b7300000, 0x00000000b7300000, 0x00000000b7400000|  0%| F|  |TAMS 0x00000000b7300000| PB 0x00000000b7300000| Untracked 
| 884|0x00000000b7400000, 0x00000000b7400000, 0x00000000b7500000|  0%| F|  |TAMS 0x00000000b7400000| PB 0x00000000b7400000| Untracked 
| 885|0x00000000b7500000, 0x00000000b7500000, 0x00000000b7600000|  0%| F|  |TAMS 0x00000000b7500000| PB 0x00000000b7500000| Untracked 
| 886|0x00000000b7600000, 0x00000000b7600000, 0x00000000b7700000|  0%| F|  |TAMS 0x00000000b7600000| PB 0x00000000b7600000| Untracked 
| 887|0x00000000b7700000, 0x00000000b7700000, 0x00000000b7800000|  0%| F|  |TAMS 0x00000000b7700000| PB 0x00000000b7700000| Untracked 
| 888|0x00000000b7800000, 0x00000000b7800000, 0x00000000b7900000|  0%| F|  |TAMS 0x00000000b7800000| PB 0x00000000b7800000| Untracked 
| 889|0x00000000b7900000, 0x00000000b7900000, 0x00000000b7a00000|  0%| F|  |TAMS 0x00000000b7900000| PB 0x00000000b7900000| Untracked 
| 890|0x00000000b7a00000, 0x00000000b7a00000, 0x00000000b7b00000|  0%| F|  |TAMS 0x00000000b7a00000| PB 0x00000000b7a00000| Untracked 
| 891|0x00000000b7b00000, 0x00000000b7b00000, 0x00000000b7c00000|  0%| F|  |TAMS 0x00000000b7b00000| PB 0x00000000b7b00000| Untracked 
| 892|0x00000000b7c00000, 0x00000000b7c00000, 0x00000000b7d00000|  0%| F|  |TAMS 0x00000000b7c00000| PB 0x00000000b7c00000| Untracked 
| 893|0x00000000b7d00000, 0x00000000b7d00000, 0x00000000b7e00000|  0%| F|  |TAMS 0x00000000b7d00000| PB 0x00000000b7d00000| Untracked 
| 894|0x00000000b7e00000, 0x00000000b7e00000, 0x00000000b7f00000|  0%| F|  |TAMS 0x00000000b7e00000| PB 0x00000000b7e00000| Untracked 
| 895|0x00000000b7f00000, 0x00000000b7f00000, 0x00000000b8000000|  0%| F|  |TAMS 0x00000000b7f00000| PB 0x00000000b7f00000| Untracked 
| 896|0x00000000b8000000, 0x00000000b8000000, 0x00000000b8100000|  0%| F|  |TAMS 0x00000000b8000000| PB 0x00000000b8000000| Untracked 
| 897|0x00000000b8100000, 0x00000000b8100000, 0x00000000b8200000|  0%| F|  |TAMS 0x00000000b8100000| PB 0x00000000b8100000| Untracked 
| 898|0x00000000b8200000, 0x00000000b8200000, 0x00000000b8300000|  0%| F|  |TAMS 0x00000000b8200000| PB 0x00000000b8200000| Untracked 
| 899|0x00000000b8300000, 0x00000000b8300000, 0x00000000b8400000|  0%| F|  |TAMS 0x00000000b8300000| PB 0x00000000b8300000| Untracked 
| 900|0x00000000b8400000, 0x00000000b8400000, 0x00000000b8500000|  0%| F|  |TAMS 0x00000000b8400000| PB 0x00000000b8400000| Untracked 
| 901|0x00000000b8500000, 0x00000000b8500000, 0x00000000b8600000|  0%| F|  |TAMS 0x00000000b8500000| PB 0x00000000b8500000| Untracked 
| 902|0x00000000b8600000, 0x00000000b8600000, 0x00000000b8700000|  0%| F|  |TAMS 0x00000000b8600000| PB 0x00000000b8600000| Untracked 
| 903|0x00000000b8700000, 0x00000000b8700000, 0x00000000b8800000|  0%| F|  |TAMS 0x00000000b8700000| PB 0x00000000b8700000| Untracked 
| 904|0x00000000b8800000, 0x00000000b8800000, 0x00000000b8900000|  0%| F|  |TAMS 0x00000000b8800000| PB 0x00000000b8800000| Untracked 
| 905|0x00000000b8900000, 0x00000000b8900000, 0x00000000b8a00000|  0%| F|  |TAMS 0x00000000b8900000| PB 0x00000000b8900000| Untracked 
| 906|0x00000000b8a00000, 0x00000000b8a00000, 0x00000000b8b00000|  0%| F|  |TAMS 0x00000000b8a00000| PB 0x00000000b8a00000| Untracked 
| 907|0x00000000b8b00000, 0x00000000b8b00000, 0x00000000b8c00000|  0%| F|  |TAMS 0x00000000b8b00000| PB 0x00000000b8b00000| Untracked 
| 908|0x00000000b8c00000, 0x00000000b8c00000, 0x00000000b8d00000|  0%| F|  |TAMS 0x00000000b8c00000| PB 0x00000000b8c00000| Untracked 
| 909|0x00000000b8d00000, 0x00000000b8d00000, 0x00000000b8e00000|  0%| F|  |TAMS 0x00000000b8d00000| PB 0x00000000b8d00000| Untracked 
| 910|0x00000000b8e00000, 0x00000000b8e00000, 0x00000000b8f00000|  0%| F|  |TAMS 0x00000000b8e00000| PB 0x00000000b8e00000| Untracked 
| 911|0x00000000b8f00000, 0x00000000b8f00000, 0x00000000b9000000|  0%| F|  |TAMS 0x00000000b8f00000| PB 0x00000000b8f00000| Untracked 
| 912|0x00000000b9000000, 0x00000000b9000000, 0x00000000b9100000|  0%| F|  |TAMS 0x00000000b9000000| PB 0x00000000b9000000| Untracked 
| 913|0x00000000b9100000, 0x00000000b9100000, 0x00000000b9200000|  0%| F|  |TAMS 0x00000000b9100000| PB 0x00000000b9100000| Untracked 
| 914|0x00000000b9200000, 0x00000000b9200000, 0x00000000b9300000|  0%| F|  |TAMS 0x00000000b9200000| PB 0x00000000b9200000| Untracked 
| 915|0x00000000b9300000, 0x00000000b9300000, 0x00000000b9400000|  0%| F|  |TAMS 0x00000000b9300000| PB 0x00000000b9300000| Untracked 
| 916|0x00000000b9400000, 0x00000000b9400000, 0x00000000b9500000|  0%| F|  |TAMS 0x00000000b9400000| PB 0x00000000b9400000| Untracked 
| 917|0x00000000b9500000, 0x00000000b9500000, 0x00000000b9600000|  0%| F|  |TAMS 0x00000000b9500000| PB 0x00000000b9500000| Untracked 
| 918|0x00000000b9600000, 0x00000000b9600000, 0x00000000b9700000|  0%| F|  |TAMS 0x00000000b9600000| PB 0x00000000b9600000| Untracked 
| 919|0x00000000b9700000, 0x00000000b9700000, 0x00000000b9800000|  0%| F|  |TAMS 0x00000000b9700000| PB 0x00000000b9700000| Untracked 
| 920|0x00000000b9800000, 0x00000000b9800000, 0x00000000b9900000|  0%| F|  |TAMS 0x00000000b9800000| PB 0x00000000b9800000| Untracked 
| 921|0x00000000b9900000, 0x00000000b9900000, 0x00000000b9a00000|  0%| F|  |TAMS 0x00000000b9900000| PB 0x00000000b9900000| Untracked 
| 922|0x00000000b9a00000, 0x00000000b9a00000, 0x00000000b9b00000|  0%| F|  |TAMS 0x00000000b9a00000| PB 0x00000000b9a00000| Untracked 
| 923|0x00000000b9b00000, 0x00000000b9b00000, 0x00000000b9c00000|  0%| F|  |TAMS 0x00000000b9b00000| PB 0x00000000b9b00000| Untracked 
| 924|0x00000000b9c00000, 0x00000000b9c00000, 0x00000000b9d00000|  0%| F|  |TAMS 0x00000000b9c00000| PB 0x00000000b9c00000| Untracked 
| 925|0x00000000b9d00000, 0x00000000b9d00000, 0x00000000b9e00000|  0%| F|  |TAMS 0x00000000b9d00000| PB 0x00000000b9d00000| Untracked 
| 926|0x00000000b9e00000, 0x00000000b9e00000, 0x00000000b9f00000|  0%| F|  |TAMS 0x00000000b9e00000| PB 0x00000000b9e00000| Untracked 
| 927|0x00000000b9f00000, 0x00000000b9f00000, 0x00000000ba000000|  0%| F|  |TAMS 0x00000000b9f00000| PB 0x00000000b9f00000| Untracked 
| 928|0x00000000ba000000, 0x00000000ba000000, 0x00000000ba100000|  0%| F|  |TAMS 0x00000000ba000000| PB 0x00000000ba000000| Untracked 
| 929|0x00000000ba100000, 0x00000000ba100000, 0x00000000ba200000|  0%| F|  |TAMS 0x00000000ba100000| PB 0x00000000ba100000| Untracked 
| 930|0x00000000ba200000, 0x00000000ba200000, 0x00000000ba300000|  0%| F|  |TAMS 0x00000000ba200000| PB 0x00000000ba200000| Untracked 
| 931|0x00000000ba300000, 0x00000000ba300000, 0x00000000ba400000|  0%| F|  |TAMS 0x00000000ba300000| PB 0x00000000ba300000| Untracked 
| 932|0x00000000ba400000, 0x00000000ba400000, 0x00000000ba500000|  0%| F|  |TAMS 0x00000000ba400000| PB 0x00000000ba400000| Untracked 
| 933|0x00000000ba500000, 0x00000000ba500000, 0x00000000ba600000|  0%| F|  |TAMS 0x00000000ba500000| PB 0x00000000ba500000| Untracked 
| 934|0x00000000ba600000, 0x00000000ba600000, 0x00000000ba700000|  0%| F|  |TAMS 0x00000000ba600000| PB 0x00000000ba600000| Untracked 
| 935|0x00000000ba700000, 0x00000000ba700000, 0x00000000ba800000|  0%| F|  |TAMS 0x00000000ba700000| PB 0x00000000ba700000| Untracked 
| 936|0x00000000ba800000, 0x00000000ba800000, 0x00000000ba900000|  0%| F|  |TAMS 0x00000000ba800000| PB 0x00000000ba800000| Untracked 
| 937|0x00000000ba900000, 0x00000000ba900000, 0x00000000baa00000|  0%| F|  |TAMS 0x00000000ba900000| PB 0x00000000ba900000| Untracked 
| 938|0x00000000baa00000, 0x00000000baa00000, 0x00000000bab00000|  0%| F|  |TAMS 0x00000000baa00000| PB 0x00000000baa00000| Untracked 
| 939|0x00000000bab00000, 0x00000000bab00000, 0x00000000bac00000|  0%| F|  |TAMS 0x00000000bab00000| PB 0x00000000bab00000| Untracked 
| 940|0x00000000bac00000, 0x00000000bac00000, 0x00000000bad00000|  0%| F|  |TAMS 0x00000000bac00000| PB 0x00000000bac00000| Untracked 
| 941|0x00000000bad00000, 0x00000000bad00000, 0x00000000bae00000|  0%| F|  |TAMS 0x00000000bad00000| PB 0x00000000bad00000| Untracked 
| 942|0x00000000bae00000, 0x00000000bae00000, 0x00000000baf00000|  0%| F|  |TAMS 0x00000000bae00000| PB 0x00000000bae00000| Untracked 
| 943|0x00000000baf00000, 0x00000000baf00000, 0x00000000bb000000|  0%| F|  |TAMS 0x00000000baf00000| PB 0x00000000baf00000| Untracked 
| 944|0x00000000bb000000, 0x00000000bb000000, 0x00000000bb100000|  0%| F|  |TAMS 0x00000000bb000000| PB 0x00000000bb000000| Untracked 
| 945|0x00000000bb100000, 0x00000000bb100000, 0x00000000bb200000|  0%| F|  |TAMS 0x00000000bb100000| PB 0x00000000bb100000| Untracked 
| 946|0x00000000bb200000, 0x00000000bb200000, 0x00000000bb300000|  0%| F|  |TAMS 0x00000000bb200000| PB 0x00000000bb200000| Untracked 
| 947|0x00000000bb300000, 0x00000000bb300000, 0x00000000bb400000|  0%| F|  |TAMS 0x00000000bb300000| PB 0x00000000bb300000| Untracked 
| 948|0x00000000bb400000, 0x00000000bb400000, 0x00000000bb500000|  0%| F|  |TAMS 0x00000000bb400000| PB 0x00000000bb400000| Untracked 
| 949|0x00000000bb500000, 0x00000000bb500000, 0x00000000bb600000|  0%| F|  |TAMS 0x00000000bb500000| PB 0x00000000bb500000| Untracked 
| 950|0x00000000bb600000, 0x00000000bb600000, 0x00000000bb700000|  0%| F|  |TAMS 0x00000000bb600000| PB 0x00000000bb600000| Untracked 
| 951|0x00000000bb700000, 0x00000000bb700000, 0x00000000bb800000|  0%| F|  |TAMS 0x00000000bb700000| PB 0x00000000bb700000| Untracked 
| 952|0x00000000bb800000, 0x00000000bb800000, 0x00000000bb900000|  0%| F|  |TAMS 0x00000000bb800000| PB 0x00000000bb800000| Untracked 
| 953|0x00000000bb900000, 0x00000000bb900000, 0x00000000bba00000|  0%| F|  |TAMS 0x00000000bb900000| PB 0x00000000bb900000| Untracked 
| 954|0x00000000bba00000, 0x00000000bba00000, 0x00000000bbb00000|  0%| F|  |TAMS 0x00000000bba00000| PB 0x00000000bba00000| Untracked 
| 955|0x00000000bbb00000, 0x00000000bbb00000, 0x00000000bbc00000|  0%| F|  |TAMS 0x00000000bbb00000| PB 0x00000000bbb00000| Untracked 
| 956|0x00000000bbc00000, 0x00000000bbc00000, 0x00000000bbd00000|  0%| F|  |TAMS 0x00000000bbc00000| PB 0x00000000bbc00000| Untracked 
| 957|0x00000000bbd00000, 0x00000000bbd00000, 0x00000000bbe00000|  0%| F|  |TAMS 0x00000000bbd00000| PB 0x00000000bbd00000| Untracked 
| 958|0x00000000bbe00000, 0x00000000bbe00000, 0x00000000bbf00000|  0%| F|  |TAMS 0x00000000bbe00000| PB 0x00000000bbe00000| Untracked 
| 959|0x00000000bbf00000, 0x00000000bbf00000, 0x00000000bc000000|  0%| F|  |TAMS 0x00000000bbf00000| PB 0x00000000bbf00000| Untracked 
| 960|0x00000000bc000000, 0x00000000bc000000, 0x00000000bc100000|  0%| F|  |TAMS 0x00000000bc000000| PB 0x00000000bc000000| Untracked 
| 961|0x00000000bc100000, 0x00000000bc100000, 0x00000000bc200000|  0%| F|  |TAMS 0x00000000bc100000| PB 0x00000000bc100000| Untracked 
| 962|0x00000000bc200000, 0x00000000bc200000, 0x00000000bc300000|  0%| F|  |TAMS 0x00000000bc200000| PB 0x00000000bc200000| Untracked 
| 963|0x00000000bc300000, 0x00000000bc300000, 0x00000000bc400000|  0%| F|  |TAMS 0x00000000bc300000| PB 0x00000000bc300000| Untracked 
| 964|0x00000000bc400000, 0x00000000bc400000, 0x00000000bc500000|  0%| F|  |TAMS 0x00000000bc400000| PB 0x00000000bc400000| Untracked 
| 965|0x00000000bc500000, 0x00000000bc500000, 0x00000000bc600000|  0%| F|  |TAMS 0x00000000bc500000| PB 0x00000000bc500000| Untracked 
| 966|0x00000000bc600000, 0x00000000bc600000, 0x00000000bc700000|  0%| F|  |TAMS 0x00000000bc600000| PB 0x00000000bc600000| Untracked 
| 967|0x00000000bc700000, 0x00000000bc700000, 0x00000000bc800000|  0%| F|  |TAMS 0x00000000bc700000| PB 0x00000000bc700000| Untracked 
| 968|0x00000000bc800000, 0x00000000bc800000, 0x00000000bc900000|  0%| F|  |TAMS 0x00000000bc800000| PB 0x00000000bc800000| Untracked 
| 969|0x00000000bc900000, 0x00000000bc900000, 0x00000000bca00000|  0%| F|  |TAMS 0x00000000bc900000| PB 0x00000000bc900000| Untracked 
| 970|0x00000000bca00000, 0x00000000bca00000, 0x00000000bcb00000|  0%| F|  |TAMS 0x00000000bca00000| PB 0x00000000bca00000| Untracked 
| 971|0x00000000bcb00000, 0x00000000bcb00000, 0x00000000bcc00000|  0%| F|  |TAMS 0x00000000bcb00000| PB 0x00000000bcb00000| Untracked 
| 972|0x00000000bcc00000, 0x00000000bcc00000, 0x00000000bcd00000|  0%| F|  |TAMS 0x00000000bcc00000| PB 0x00000000bcc00000| Untracked 
| 973|0x00000000bcd00000, 0x00000000bcd00000, 0x00000000bce00000|  0%| F|  |TAMS 0x00000000bcd00000| PB 0x00000000bcd00000| Untracked 
| 974|0x00000000bce00000, 0x00000000bce00000, 0x00000000bcf00000|  0%| F|  |TAMS 0x00000000bce00000| PB 0x00000000bce00000| Untracked 
| 975|0x00000000bcf00000, 0x00000000bcf00000, 0x00000000bd000000|  0%| F|  |TAMS 0x00000000bcf00000| PB 0x00000000bcf00000| Untracked 
| 976|0x00000000bd000000, 0x00000000bd000000, 0x00000000bd100000|  0%| F|  |TAMS 0x00000000bd000000| PB 0x00000000bd000000| Untracked 
| 977|0x00000000bd100000, 0x00000000bd100000, 0x00000000bd200000|  0%| F|  |TAMS 0x00000000bd100000| PB 0x00000000bd100000| Untracked 
| 978|0x00000000bd200000, 0x00000000bd200000, 0x00000000bd300000|  0%| F|  |TAMS 0x00000000bd200000| PB 0x00000000bd200000| Untracked 
| 979|0x00000000bd300000, 0x00000000bd300000, 0x00000000bd400000|  0%| F|  |TAMS 0x00000000bd300000| PB 0x00000000bd300000| Untracked 
| 980|0x00000000bd400000, 0x00000000bd400000, 0x00000000bd500000|  0%| F|  |TAMS 0x00000000bd400000| PB 0x00000000bd400000| Untracked 
| 981|0x00000000bd500000, 0x00000000bd500000, 0x00000000bd600000|  0%| F|  |TAMS 0x00000000bd500000| PB 0x00000000bd500000| Untracked 
| 982|0x00000000bd600000, 0x00000000bd600000, 0x00000000bd700000|  0%| F|  |TAMS 0x00000000bd600000| PB 0x00000000bd600000| Untracked 
| 983|0x00000000bd700000, 0x00000000bd700000, 0x00000000bd800000|  0%| F|  |TAMS 0x00000000bd700000| PB 0x00000000bd700000| Untracked 
| 984|0x00000000bd800000, 0x00000000bd800000, 0x00000000bd900000|  0%| F|  |TAMS 0x00000000bd800000| PB 0x00000000bd800000| Untracked 
| 985|0x00000000bd900000, 0x00000000bd900000, 0x00000000bda00000|  0%| F|  |TAMS 0x00000000bd900000| PB 0x00000000bd900000| Untracked 
| 986|0x00000000bda00000, 0x00000000bda00000, 0x00000000bdb00000|  0%| F|  |TAMS 0x00000000bda00000| PB 0x00000000bda00000| Untracked 
| 987|0x00000000bdb00000, 0x00000000bdb00000, 0x00000000bdc00000|  0%| F|  |TAMS 0x00000000bdb00000| PB 0x00000000bdb00000| Untracked 
| 988|0x00000000bdc00000, 0x00000000bdc00000, 0x00000000bdd00000|  0%| F|  |TAMS 0x00000000bdc00000| PB 0x00000000bdc00000| Untracked 
| 989|0x00000000bdd00000, 0x00000000bdd00000, 0x00000000bde00000|  0%| F|  |TAMS 0x00000000bdd00000| PB 0x00000000bdd00000| Untracked 
| 990|0x00000000bde00000, 0x00000000bde00000, 0x00000000bdf00000|  0%| F|  |TAMS 0x00000000bde00000| PB 0x00000000bde00000| Untracked 
| 991|0x00000000bdf00000, 0x00000000bdf00000, 0x00000000be000000|  0%| F|  |TAMS 0x00000000bdf00000| PB 0x00000000bdf00000| Untracked 
| 992|0x00000000be000000, 0x00000000be000000, 0x00000000be100000|  0%| F|  |TAMS 0x00000000be000000| PB 0x00000000be000000| Untracked 
| 993|0x00000000be100000, 0x00000000be100000, 0x00000000be200000|  0%| F|  |TAMS 0x00000000be100000| PB 0x00000000be100000| Untracked 
| 994|0x00000000be200000, 0x00000000be200000, 0x00000000be300000|  0%| F|  |TAMS 0x00000000be200000| PB 0x00000000be200000| Untracked 
| 995|0x00000000be300000, 0x00000000be300000, 0x00000000be400000|  0%| F|  |TAMS 0x00000000be300000| PB 0x00000000be300000| Untracked 
| 996|0x00000000be400000, 0x00000000be400000, 0x00000000be500000|  0%| F|  |TAMS 0x00000000be400000| PB 0x00000000be400000| Untracked 
| 997|0x00000000be500000, 0x00000000be500000, 0x00000000be600000|  0%| F|  |TAMS 0x00000000be500000| PB 0x00000000be500000| Untracked 
| 998|0x00000000be600000, 0x00000000be600000, 0x00000000be700000|  0%| F|  |TAMS 0x00000000be600000| PB 0x00000000be600000| Untracked 
| 999|0x00000000be700000, 0x00000000be700000, 0x00000000be800000|  0%| F|  |TAMS 0x00000000be700000| PB 0x00000000be700000| Untracked 
|1000|0x00000000be800000, 0x00000000be800000, 0x00000000be900000|  0%| F|  |TAMS 0x00000000be800000| PB 0x00000000be800000| Untracked 
|1001|0x00000000be900000, 0x00000000be900000, 0x00000000bea00000|  0%| F|  |TAMS 0x00000000be900000| PB 0x00000000be900000| Untracked 
|1002|0x00000000bea00000, 0x00000000bea00000, 0x00000000beb00000|  0%| F|  |TAMS 0x00000000bea00000| PB 0x00000000bea00000| Untracked 
|1003|0x00000000beb00000, 0x00000000beb00000, 0x00000000bec00000|  0%| F|  |TAMS 0x00000000beb00000| PB 0x00000000beb00000| Untracked 
|1004|0x00000000bec00000, 0x00000000bec00000, 0x00000000bed00000|  0%| F|  |TAMS 0x00000000bec00000| PB 0x00000000bec00000| Untracked 
|1005|0x00000000bed00000, 0x00000000bed00000, 0x00000000bee00000|  0%| F|  |TAMS 0x00000000bed00000| PB 0x00000000bed00000| Untracked 
|1006|0x00000000bee00000, 0x00000000bee00000, 0x00000000bef00000|  0%| F|  |TAMS 0x00000000bee00000| PB 0x00000000bee00000| Untracked 
|1007|0x00000000bef00000, 0x00000000bef00000, 0x00000000bf000000|  0%| F|  |TAMS 0x00000000bef00000| PB 0x00000000bef00000| Untracked 
|1008|0x00000000bf000000, 0x00000000bf000000, 0x00000000bf100000|  0%| F|  |TAMS 0x00000000bf000000| PB 0x00000000bf000000| Untracked 
|1009|0x00000000bf100000, 0x00000000bf100000, 0x00000000bf200000|  0%| F|  |TAMS 0x00000000bf100000| PB 0x00000000bf100000| Untracked 
|1010|0x00000000bf200000, 0x00000000bf200000, 0x00000000bf300000|  0%| F|  |TAMS 0x00000000bf200000| PB 0x00000000bf200000| Untracked 
|1011|0x00000000bf300000, 0x00000000bf300000, 0x00000000bf400000|  0%| F|  |TAMS 0x00000000bf300000| PB 0x00000000bf300000| Untracked 
|1012|0x00000000bf400000, 0x00000000bf400000, 0x00000000bf500000|  0%| F|  |TAMS 0x00000000bf400000| PB 0x00000000bf400000| Untracked 
|1013|0x00000000bf500000, 0x00000000bf500000, 0x00000000bf600000|  0%| F|  |TAMS 0x00000000bf500000| PB 0x00000000bf500000| Untracked 
|1014|0x00000000bf600000, 0x00000000bf600000, 0x00000000bf700000|  0%| F|  |TAMS 0x00000000bf600000| PB 0x00000000bf600000| Untracked 
|1015|0x00000000bf700000, 0x00000000bf700000, 0x00000000bf800000|  0%| F|  |TAMS 0x00000000bf700000| PB 0x00000000bf700000| Untracked 
|1016|0x00000000bf800000, 0x00000000bf800000, 0x00000000bf900000|  0%| F|  |TAMS 0x00000000bf800000| PB 0x00000000bf800000| Untracked 
|1017|0x00000000bf900000, 0x00000000bf900000, 0x00000000bfa00000|  0%| F|  |TAMS 0x00000000bf900000| PB 0x00000000bf900000| Untracked 
|1018|0x00000000bfa00000, 0x00000000bfa00000, 0x00000000bfb00000|  0%| F|  |TAMS 0x00000000bfa00000| PB 0x00000000bfa00000| Untracked 
|1019|0x00000000bfb00000, 0x00000000bfb00000, 0x00000000bfc00000|  0%| F|  |TAMS 0x00000000bfb00000| PB 0x00000000bfb00000| Untracked 
|1020|0x00000000bfc00000, 0x00000000bfc00000, 0x00000000bfd00000|  0%| F|  |TAMS 0x00000000bfc00000| PB 0x00000000bfc00000| Untracked 
|1021|0x00000000bfd00000, 0x00000000bfd00000, 0x00000000bfe00000|  0%| F|  |TAMS 0x00000000bfd00000| PB 0x00000000bfd00000| Untracked 
|1022|0x00000000bfe00000, 0x00000000bfe00000, 0x00000000bff00000|  0%| F|  |TAMS 0x00000000bfe00000| PB 0x00000000bfe00000| Untracked 
|1023|0x00000000bff00000, 0x00000000bff00000, 0x00000000c0000000|  0%| F|  |TAMS 0x00000000bff00000| PB 0x00000000bff00000| Untracked 
|1024|0x00000000c0000000, 0x00000000c0000000, 0x00000000c0100000|  0%| F|  |TAMS 0x00000000c0000000| PB 0x00000000c0000000| Untracked 
|1025|0x00000000c0100000, 0x00000000c0100000, 0x00000000c0200000|  0%| F|  |TAMS 0x00000000c0100000| PB 0x00000000c0100000| Untracked 
|1026|0x00000000c0200000, 0x00000000c0200000, 0x00000000c0300000|  0%| F|  |TAMS 0x00000000c0200000| PB 0x00000000c0200000| Untracked 
|1027|0x00000000c0300000, 0x00000000c0300000, 0x00000000c0400000|  0%| F|  |TAMS 0x00000000c0300000| PB 0x00000000c0300000| Untracked 
|1028|0x00000000c0400000, 0x00000000c0400000, 0x00000000c0500000|  0%| F|  |TAMS 0x00000000c0400000| PB 0x00000000c0400000| Untracked 
|1029|0x00000000c0500000, 0x00000000c0500000, 0x00000000c0600000|  0%| F|  |TAMS 0x00000000c0500000| PB 0x00000000c0500000| Untracked 
|1030|0x00000000c0600000, 0x00000000c06417b8, 0x00000000c0700000| 25%| E|  |TAMS 0x00000000c0600000| PB 0x00000000c0600000| Complete 
|1031|0x00000000c0700000, 0x00000000c0800000, 0x00000000c0800000|100%| E|CS|TAMS 0x00000000c0700000| PB 0x00000000c0700000| Complete 
|1032|0x00000000c0800000, 0x00000000c0900000, 0x00000000c0900000|100%| E|CS|TAMS 0x00000000c0800000| PB 0x00000000c0800000| Complete 
|1033|0x00000000c0900000, 0x00000000c0a00000, 0x00000000c0a00000|100%| E|CS|TAMS 0x00000000c0900000| PB 0x00000000c0900000| Complete 
|1034|0x00000000c0a00000, 0x00000000c0b00000, 0x00000000c0b00000|100%| E|CS|TAMS 0x00000000c0a00000| PB 0x00000000c0a00000| Complete 
|1035|0x00000000c0b00000, 0x00000000c0c00000, 0x00000000c0c00000|100%| E|CS|TAMS 0x00000000c0b00000| PB 0x00000000c0b00000| Complete 
|1036|0x00000000c0c00000, 0x00000000c0d00000, 0x00000000c0d00000|100%| E|CS|TAMS 0x00000000c0c00000| PB 0x00000000c0c00000| Complete 
|1037|0x00000000c0d00000, 0x00000000c0e00000, 0x00000000c0e00000|100%| E|CS|TAMS 0x00000000c0d00000| PB 0x00000000c0d00000| Complete 
|1038|0x00000000c0e00000, 0x00000000c0f00000, 0x00000000c0f00000|100%| E|CS|TAMS 0x00000000c0e00000| PB 0x00000000c0e00000| Complete 
|1039|0x00000000c0f00000, 0x00000000c1000000, 0x00000000c1000000|100%| E|CS|TAMS 0x00000000c0f00000| PB 0x00000000c0f00000| Complete 
|1040|0x00000000c1000000, 0x00000000c1100000, 0x00000000c1100000|100%| E|CS|TAMS 0x00000000c1000000| PB 0x00000000c1000000| Complete 
|1041|0x00000000c1100000, 0x00000000c1200000, 0x00000000c1200000|100%| E|CS|TAMS 0x00000000c1100000| PB 0x00000000c1100000| Complete 
|1042|0x00000000c1200000, 0x00000000c1300000, 0x00000000c1300000|100%| E|CS|TAMS 0x00000000c1200000| PB 0x00000000c1200000| Complete 
|1043|0x00000000c1300000, 0x00000000c1400000, 0x00000000c1400000|100%| E|CS|TAMS 0x00000000c1300000| PB 0x00000000c1300000| Complete 
|1044|0x00000000c1400000, 0x00000000c1500000, 0x00000000c1500000|100%| E|CS|TAMS 0x00000000c1400000| PB 0x00000000c1400000| Complete 
|1045|0x00000000c1500000, 0x00000000c1600000, 0x00000000c1600000|100%| E|CS|TAMS 0x00000000c1500000| PB 0x00000000c1500000| Complete 
|1046|0x00000000c1600000, 0x00000000c1700000, 0x00000000c1700000|100%| E|CS|TAMS 0x00000000c1600000| PB 0x00000000c1600000| Complete 
|1047|0x00000000c1700000, 0x00000000c1800000, 0x00000000c1800000|100%| E|CS|TAMS 0x00000000c1700000| PB 0x00000000c1700000| Complete 
|1048|0x00000000c1800000, 0x00000000c1900000, 0x00000000c1900000|100%| E|CS|TAMS 0x00000000c1800000| PB 0x00000000c1800000| Complete 
|1049|0x00000000c1900000, 0x00000000c1a00000, 0x00000000c1a00000|100%| E|CS|TAMS 0x00000000c1900000| PB 0x00000000c1900000| Complete 
|1050|0x00000000c1a00000, 0x00000000c1b00000, 0x00000000c1b00000|100%| E|CS|TAMS 0x00000000c1a00000| PB 0x00000000c1a00000| Complete 
|1051|0x00000000c1b00000, 0x00000000c1c00000, 0x00000000c1c00000|100%| E|CS|TAMS 0x00000000c1b00000| PB 0x00000000c1b00000| Complete 
|1052|0x00000000c1c00000, 0x00000000c1d00000, 0x00000000c1d00000|100%| E|CS|TAMS 0x00000000c1c00000| PB 0x00000000c1c00000| Complete 
|1053|0x00000000c1d00000, 0x00000000c1e00000, 0x00000000c1e00000|100%| E|CS|TAMS 0x00000000c1d00000| PB 0x00000000c1d00000| Complete 
|1054|0x00000000c1e00000, 0x00000000c1f00000, 0x00000000c1f00000|100%| E|CS|TAMS 0x00000000c1e00000| PB 0x00000000c1e00000| Complete 
|1055|0x00000000c1f00000, 0x00000000c2000000, 0x00000000c2000000|100%| E|CS|TAMS 0x00000000c1f00000| PB 0x00000000c1f00000| Complete 
|1056|0x00000000c2000000, 0x00000000c2100000, 0x00000000c2100000|100%| E|CS|TAMS 0x00000000c2000000| PB 0x00000000c2000000| Complete 
|1057|0x00000000c2100000, 0x00000000c2200000, 0x00000000c2200000|100%| E|CS|TAMS 0x00000000c2100000| PB 0x00000000c2100000| Complete 
|1058|0x00000000c2200000, 0x00000000c2300000, 0x00000000c2300000|100%| E|CS|TAMS 0x00000000c2200000| PB 0x00000000c2200000| Complete 
|1059|0x00000000c2300000, 0x00000000c2400000, 0x00000000c2400000|100%| E|CS|TAMS 0x00000000c2300000| PB 0x00000000c2300000| Complete 
|1060|0x00000000c2400000, 0x00000000c2500000, 0x00000000c2500000|100%| E|CS|TAMS 0x00000000c2400000| PB 0x00000000c2400000| Complete 
|1061|0x00000000c2500000, 0x00000000c2600000, 0x00000000c2600000|100%| E|CS|TAMS 0x00000000c2500000| PB 0x00000000c2500000| Complete 
|1062|0x00000000c2600000, 0x00000000c2700000, 0x00000000c2700000|100%| E|CS|TAMS 0x00000000c2600000| PB 0x00000000c2600000| Complete 
|1063|0x00000000c2700000, 0x00000000c2800000, 0x00000000c2800000|100%| E|CS|TAMS 0x00000000c2700000| PB 0x00000000c2700000| Complete 
|1064|0x00000000c2800000, 0x00000000c2900000, 0x00000000c2900000|100%| E|CS|TAMS 0x00000000c2800000| PB 0x00000000c2800000| Complete 
|1065|0x00000000c2900000, 0x00000000c2a00000, 0x00000000c2a00000|100%| E|CS|TAMS 0x00000000c2900000| PB 0x00000000c2900000| Complete 
|1066|0x00000000c2a00000, 0x00000000c2b00000, 0x00000000c2b00000|100%| E|CS|TAMS 0x00000000c2a00000| PB 0x00000000c2a00000| Complete 
|1067|0x00000000c2b00000, 0x00000000c2c00000, 0x00000000c2c00000|100%| E|  |TAMS 0x00000000c2b00000| PB 0x00000000c2b00000| Complete 
|1068|0x00000000c2c00000, 0x00000000c2d00000, 0x00000000c2d00000|100%| E|CS|TAMS 0x00000000c2c00000| PB 0x00000000c2c00000| Complete 
|1069|0x00000000c2d00000, 0x00000000c2e00000, 0x00000000c2e00000|100%| E|CS|TAMS 0x00000000c2d00000| PB 0x00000000c2d00000| Complete 
|1070|0x00000000c2e00000, 0x00000000c2f00000, 0x00000000c2f00000|100%| E|CS|TAMS 0x00000000c2e00000| PB 0x00000000c2e00000| Complete 
|1071|0x00000000c2f00000, 0x00000000c3000000, 0x00000000c3000000|100%| E|CS|TAMS 0x00000000c2f00000| PB 0x00000000c2f00000| Complete 
|1072|0x00000000c3000000, 0x00000000c3100000, 0x00000000c3100000|100%| E|CS|TAMS 0x00000000c3000000| PB 0x00000000c3000000| Complete 
|1073|0x00000000c3100000, 0x00000000c3200000, 0x00000000c3200000|100%| E|CS|TAMS 0x00000000c3100000| PB 0x00000000c3100000| Complete 
|1074|0x00000000c3200000, 0x00000000c3300000, 0x00000000c3300000|100%| E|CS|TAMS 0x00000000c3200000| PB 0x00000000c3200000| Complete 
|1075|0x00000000c3300000, 0x00000000c3400000, 0x00000000c3400000|100%| E|CS|TAMS 0x00000000c3300000| PB 0x00000000c3300000| Complete 
|1076|0x00000000c3400000, 0x00000000c3500000, 0x00000000c3500000|100%| E|CS|TAMS 0x00000000c3400000| PB 0x00000000c3400000| Complete 
|1077|0x00000000c3500000, 0x00000000c3600000, 0x00000000c3600000|100%| E|CS|TAMS 0x00000000c3500000| PB 0x00000000c3500000| Complete 
|1078|0x00000000c3600000, 0x00000000c3700000, 0x00000000c3700000|100%| E|CS|TAMS 0x00000000c3600000| PB 0x00000000c3600000| Complete 
|1079|0x00000000c3700000, 0x00000000c3800000, 0x00000000c3800000|100%| E|CS|TAMS 0x00000000c3700000| PB 0x00000000c3700000| Complete 
|1080|0x00000000c3800000, 0x00000000c3900000, 0x00000000c3900000|100%| E|CS|TAMS 0x00000000c3800000| PB 0x00000000c3800000| Complete 
|1081|0x00000000c3900000, 0x00000000c3a00000, 0x00000000c3a00000|100%| E|CS|TAMS 0x00000000c3900000| PB 0x00000000c3900000| Complete 
|1082|0x00000000c3a00000, 0x00000000c3b00000, 0x00000000c3b00000|100%| E|CS|TAMS 0x00000000c3a00000| PB 0x00000000c3a00000| Complete 
|1083|0x00000000c3b00000, 0x00000000c3c00000, 0x00000000c3c00000|100%| E|CS|TAMS 0x00000000c3b00000| PB 0x00000000c3b00000| Complete 
|1084|0x00000000c3c00000, 0x00000000c3d00000, 0x00000000c3d00000|100%| E|CS|TAMS 0x00000000c3c00000| PB 0x00000000c3c00000| Complete 
|1085|0x00000000c3d00000, 0x00000000c3e00000, 0x00000000c3e00000|100%| E|CS|TAMS 0x00000000c3d00000| PB 0x00000000c3d00000| Complete 
|1086|0x00000000c3e00000, 0x00000000c3f00000, 0x00000000c3f00000|100%| E|CS|TAMS 0x00000000c3e00000| PB 0x00000000c3e00000| Complete 
|1087|0x00000000c3f00000, 0x00000000c4000000, 0x00000000c4000000|100%| E|CS|TAMS 0x00000000c3f00000| PB 0x00000000c3f00000| Complete 
|1088|0x00000000c4000000, 0x00000000c4100000, 0x00000000c4100000|100%| E|CS|TAMS 0x00000000c4000000| PB 0x00000000c4000000| Complete 
|1089|0x00000000c4100000, 0x00000000c4200000, 0x00000000c4200000|100%| E|CS|TAMS 0x00000000c4100000| PB 0x00000000c4100000| Complete 
|1090|0x00000000c4200000, 0x00000000c4300000, 0x00000000c4300000|100%| E|CS|TAMS 0x00000000c4200000| PB 0x00000000c4200000| Complete 
|1091|0x00000000c4300000, 0x00000000c4400000, 0x00000000c4400000|100%| E|CS|TAMS 0x00000000c4300000| PB 0x00000000c4300000| Complete 
|1092|0x00000000c4400000, 0x00000000c4500000, 0x00000000c4500000|100%| E|CS|TAMS 0x00000000c4400000| PB 0x00000000c4400000| Complete 
|1093|0x00000000c4500000, 0x00000000c4600000, 0x00000000c4600000|100%| E|CS|TAMS 0x00000000c4500000| PB 0x00000000c4500000| Complete 
|1094|0x00000000c4600000, 0x00000000c4700000, 0x00000000c4700000|100%| E|CS|TAMS 0x00000000c4600000| PB 0x00000000c4600000| Complete 
|1095|0x00000000c4700000, 0x00000000c4800000, 0x00000000c4800000|100%| E|CS|TAMS 0x00000000c4700000| PB 0x00000000c4700000| Complete 
|1096|0x00000000c4800000, 0x00000000c4900000, 0x00000000c4900000|100%| E|CS|TAMS 0x00000000c4800000| PB 0x00000000c4800000| Complete 
|1097|0x00000000c4900000, 0x00000000c4a00000, 0x00000000c4a00000|100%| E|CS|TAMS 0x00000000c4900000| PB 0x00000000c4900000| Complete 
|1098|0x00000000c4a00000, 0x00000000c4b00000, 0x00000000c4b00000|100%| E|CS|TAMS 0x00000000c4a00000| PB 0x00000000c4a00000| Complete 
|1099|0x00000000c4b00000, 0x00000000c4c00000, 0x00000000c4c00000|100%| E|CS|TAMS 0x00000000c4b00000| PB 0x00000000c4b00000| Complete 
|1100|0x00000000c4c00000, 0x00000000c4d00000, 0x00000000c4d00000|100%| E|CS|TAMS 0x00000000c4c00000| PB 0x00000000c4c00000| Complete 
|1101|0x00000000c4d00000, 0x00000000c4e00000, 0x00000000c4e00000|100%| E|CS|TAMS 0x00000000c4d00000| PB 0x00000000c4d00000| Complete 
|1102|0x00000000c4e00000, 0x00000000c4f00000, 0x00000000c4f00000|100%| E|CS|TAMS 0x00000000c4e00000| PB 0x00000000c4e00000| Complete 
|1103|0x00000000c4f00000, 0x00000000c5000000, 0x00000000c5000000|100%| E|CS|TAMS 0x00000000c4f00000| PB 0x00000000c4f00000| Complete 
|1104|0x00000000c5000000, 0x00000000c5100000, 0x00000000c5100000|100%| E|CS|TAMS 0x00000000c5000000| PB 0x00000000c5000000| Complete 
|1105|0x00000000c5100000, 0x00000000c5200000, 0x00000000c5200000|100%| E|CS|TAMS 0x00000000c5100000| PB 0x00000000c5100000| Complete 
|1106|0x00000000c5200000, 0x00000000c5300000, 0x00000000c5300000|100%| E|CS|TAMS 0x00000000c5200000| PB 0x00000000c5200000| Complete 
|1107|0x00000000c5300000, 0x00000000c5400000, 0x00000000c5400000|100%| E|CS|TAMS 0x00000000c5300000| PB 0x00000000c5300000| Complete 
|1108|0x00000000c5400000, 0x00000000c5500000, 0x00000000c5500000|100%| E|CS|TAMS 0x00000000c5400000| PB 0x00000000c5400000| Complete 
|1109|0x00000000c5500000, 0x00000000c5600000, 0x00000000c5600000|100%| E|CS|TAMS 0x00000000c5500000| PB 0x00000000c5500000| Complete 
|1110|0x00000000c5600000, 0x00000000c5700000, 0x00000000c5700000|100%| E|CS|TAMS 0x00000000c5600000| PB 0x00000000c5600000| Complete 
|1111|0x00000000c5700000, 0x00000000c5800000, 0x00000000c5800000|100%| E|CS|TAMS 0x00000000c5700000| PB 0x00000000c5700000| Complete 
|1112|0x00000000c5800000, 0x00000000c5900000, 0x00000000c5900000|100%| E|CS|TAMS 0x00000000c5800000| PB 0x00000000c5800000| Complete 
|1113|0x00000000c5900000, 0x00000000c5a00000, 0x00000000c5a00000|100%| E|CS|TAMS 0x00000000c5900000| PB 0x00000000c5900000| Complete 
|1114|0x00000000c5a00000, 0x00000000c5b00000, 0x00000000c5b00000|100%| E|CS|TAMS 0x00000000c5a00000| PB 0x00000000c5a00000| Complete 
|1115|0x00000000c5b00000, 0x00000000c5c00000, 0x00000000c5c00000|100%| E|CS|TAMS 0x00000000c5b00000| PB 0x00000000c5b00000| Complete 
|1116|0x00000000c5c00000, 0x00000000c5d00000, 0x00000000c5d00000|100%| E|CS|TAMS 0x00000000c5c00000| PB 0x00000000c5c00000| Complete 
|1117|0x00000000c5d00000, 0x00000000c5e00000, 0x00000000c5e00000|100%| E|CS|TAMS 0x00000000c5d00000| PB 0x00000000c5d00000| Complete 
|1118|0x00000000c5e00000, 0x00000000c5f00000, 0x00000000c5f00000|100%| E|CS|TAMS 0x00000000c5e00000| PB 0x00000000c5e00000| Complete 
|1119|0x00000000c5f00000, 0x00000000c6000000, 0x00000000c6000000|100%| E|CS|TAMS 0x00000000c5f00000| PB 0x00000000c5f00000| Complete 
|1120|0x00000000c6000000, 0x00000000c6100000, 0x00000000c6100000|100%| E|CS|TAMS 0x00000000c6000000| PB 0x00000000c6000000| Complete 
|1121|0x00000000c6100000, 0x00000000c6200000, 0x00000000c6200000|100%| E|CS|TAMS 0x00000000c6100000| PB 0x00000000c6100000| Complete 
|1122|0x00000000c6200000, 0x00000000c6300000, 0x00000000c6300000|100%| E|CS|TAMS 0x00000000c6200000| PB 0x00000000c6200000| Complete 
|1123|0x00000000c6300000, 0x00000000c6400000, 0x00000000c6400000|100%| E|CS|TAMS 0x00000000c6300000| PB 0x00000000c6300000| Complete 
|1124|0x00000000c6400000, 0x00000000c6500000, 0x00000000c6500000|100%| E|CS|TAMS 0x00000000c6400000| PB 0x00000000c6400000| Complete 
|1125|0x00000000c6500000, 0x00000000c6600000, 0x00000000c6600000|100%| E|CS|TAMS 0x00000000c6500000| PB 0x00000000c6500000| Complete 
|1126|0x00000000c6600000, 0x00000000c6700000, 0x00000000c6700000|100%| E|CS|TAMS 0x00000000c6600000| PB 0x00000000c6600000| Complete 
|1127|0x00000000c6700000, 0x00000000c6800000, 0x00000000c6800000|100%| E|CS|TAMS 0x00000000c6700000| PB 0x00000000c6700000| Complete 
|1128|0x00000000c6800000, 0x00000000c6900000, 0x00000000c6900000|100%| E|CS|TAMS 0x00000000c6800000| PB 0x00000000c6800000| Complete 
|1129|0x00000000c6900000, 0x00000000c6a00000, 0x00000000c6a00000|100%| E|CS|TAMS 0x00000000c6900000| PB 0x00000000c6900000| Complete 
|1130|0x00000000c6a00000, 0x00000000c6b00000, 0x00000000c6b00000|100%| E|CS|TAMS 0x00000000c6a00000| PB 0x00000000c6a00000| Complete 
|1131|0x00000000c6b00000, 0x00000000c6c00000, 0x00000000c6c00000|100%| E|CS|TAMS 0x00000000c6b00000| PB 0x00000000c6b00000| Complete 
|1132|0x00000000c6c00000, 0x00000000c6d00000, 0x00000000c6d00000|100%| E|CS|TAMS 0x00000000c6c00000| PB 0x00000000c6c00000| Complete 
|1133|0x00000000c6d00000, 0x00000000c6e00000, 0x00000000c6e00000|100%| E|CS|TAMS 0x00000000c6d00000| PB 0x00000000c6d00000| Complete 
|1134|0x00000000c6e00000, 0x00000000c6f00000, 0x00000000c6f00000|100%| E|CS|TAMS 0x00000000c6e00000| PB 0x00000000c6e00000| Complete 
|1135|0x00000000c6f00000, 0x00000000c7000000, 0x00000000c7000000|100%| E|CS|TAMS 0x00000000c6f00000| PB 0x00000000c6f00000| Complete 
|1136|0x00000000c7000000, 0x00000000c7100000, 0x00000000c7100000|100%| E|CS|TAMS 0x00000000c7000000| PB 0x00000000c7000000| Complete 
|1137|0x00000000c7100000, 0x00000000c7200000, 0x00000000c7200000|100%| E|CS|TAMS 0x00000000c7100000| PB 0x00000000c7100000| Complete 
|1138|0x00000000c7200000, 0x00000000c7300000, 0x00000000c7300000|100%| E|CS|TAMS 0x00000000c7200000| PB 0x00000000c7200000| Complete 
|1139|0x00000000c7300000, 0x00000000c7400000, 0x00000000c7400000|100%| E|CS|TAMS 0x00000000c7300000| PB 0x00000000c7300000| Complete 
|1140|0x00000000c7400000, 0x00000000c7500000, 0x00000000c7500000|100%| E|CS|TAMS 0x00000000c7400000| PB 0x00000000c7400000| Complete 
|1141|0x00000000c7500000, 0x00000000c7600000, 0x00000000c7600000|100%| E|CS|TAMS 0x00000000c7500000| PB 0x00000000c7500000| Complete 
|1142|0x00000000c7600000, 0x00000000c7700000, 0x00000000c7700000|100%| E|CS|TAMS 0x00000000c7600000| PB 0x00000000c7600000| Complete 
|1143|0x00000000c7700000, 0x00000000c7800000, 0x00000000c7800000|100%| E|CS|TAMS 0x00000000c7700000| PB 0x00000000c7700000| Complete 
|1144|0x00000000c7800000, 0x00000000c7900000, 0x00000000c7900000|100%| E|CS|TAMS 0x00000000c7800000| PB 0x00000000c7800000| Complete 
|1145|0x00000000c7900000, 0x00000000c7a00000, 0x00000000c7a00000|100%| E|CS|TAMS 0x00000000c7900000| PB 0x00000000c7900000| Complete 
|1146|0x00000000c7a00000, 0x00000000c7b00000, 0x00000000c7b00000|100%| E|CS|TAMS 0x00000000c7a00000| PB 0x00000000c7a00000| Complete 
|1147|0x00000000c7b00000, 0x00000000c7c00000, 0x00000000c7c00000|100%| E|CS|TAMS 0x00000000c7b00000| PB 0x00000000c7b00000| Complete 
|1148|0x00000000c7c00000, 0x00000000c7d00000, 0x00000000c7d00000|100%| E|CS|TAMS 0x00000000c7c00000| PB 0x00000000c7c00000| Complete 
|1149|0x00000000c7d00000, 0x00000000c7e00000, 0x00000000c7e00000|100%| E|CS|TAMS 0x00000000c7d00000| PB 0x00000000c7d00000| Complete 
|1150|0x00000000c7e00000, 0x00000000c7f00000, 0x00000000c7f00000|100%| E|CS|TAMS 0x00000000c7e00000| PB 0x00000000c7e00000| Complete 
|1151|0x00000000c7f00000, 0x00000000c8000000, 0x00000000c8000000|100%| E|CS|TAMS 0x00000000c7f00000| PB 0x00000000c7f00000| Complete 
|1152|0x00000000c8000000, 0x00000000c8100000, 0x00000000c8100000|100%| E|CS|TAMS 0x00000000c8000000| PB 0x00000000c8000000| Complete 
|1153|0x00000000c8100000, 0x00000000c8200000, 0x00000000c8200000|100%| E|CS|TAMS 0x00000000c8100000| PB 0x00000000c8100000| Complete 
|1154|0x00000000c8200000, 0x00000000c8300000, 0x00000000c8300000|100%| E|CS|TAMS 0x00000000c8200000| PB 0x00000000c8200000| Complete 
|1155|0x00000000c8300000, 0x00000000c8400000, 0x00000000c8400000|100%| E|CS|TAMS 0x00000000c8300000| PB 0x00000000c8300000| Complete 
|1156|0x00000000c8400000, 0x00000000c8500000, 0x00000000c8500000|100%| E|CS|TAMS 0x00000000c8400000| PB 0x00000000c8400000| Complete 
|1157|0x00000000c8500000, 0x00000000c8600000, 0x00000000c8600000|100%| E|CS|TAMS 0x00000000c8500000| PB 0x00000000c8500000| Complete 
|1158|0x00000000c8600000, 0x00000000c8700000, 0x00000000c8700000|100%| E|CS|TAMS 0x00000000c8600000| PB 0x00000000c8600000| Complete 
|1159|0x00000000c8700000, 0x00000000c8800000, 0x00000000c8800000|100%| E|CS|TAMS 0x00000000c8700000| PB 0x00000000c8700000| Complete 
|1160|0x00000000c8800000, 0x00000000c8900000, 0x00000000c8900000|100%| E|CS|TAMS 0x00000000c8800000| PB 0x00000000c8800000| Complete 
|1161|0x00000000c8900000, 0x00000000c8a00000, 0x00000000c8a00000|100%| E|CS|TAMS 0x00000000c8900000| PB 0x00000000c8900000| Complete 
|1162|0x00000000c8a00000, 0x00000000c8b00000, 0x00000000c8b00000|100%| E|CS|TAMS 0x00000000c8a00000| PB 0x00000000c8a00000| Complete 
|1163|0x00000000c8b00000, 0x00000000c8c00000, 0x00000000c8c00000|100%| E|CS|TAMS 0x00000000c8b00000| PB 0x00000000c8b00000| Complete 
|1164|0x00000000c8c00000, 0x00000000c8d00000, 0x00000000c8d00000|100%| E|CS|TAMS 0x00000000c8c00000| PB 0x00000000c8c00000| Complete 
|1165|0x00000000c8d00000, 0x00000000c8e00000, 0x00000000c8e00000|100%| E|CS|TAMS 0x00000000c8d00000| PB 0x00000000c8d00000| Complete 
|1166|0x00000000c8e00000, 0x00000000c8f00000, 0x00000000c8f00000|100%| E|CS|TAMS 0x00000000c8e00000| PB 0x00000000c8e00000| Complete 
|1167|0x00000000c8f00000, 0x00000000c9000000, 0x00000000c9000000|100%| E|CS|TAMS 0x00000000c8f00000| PB 0x00000000c8f00000| Complete 
|1168|0x00000000c9000000, 0x00000000c9100000, 0x00000000c9100000|100%| E|CS|TAMS 0x00000000c9000000| PB 0x00000000c9000000| Complete 
|1169|0x00000000c9100000, 0x00000000c9200000, 0x00000000c9200000|100%| E|CS|TAMS 0x00000000c9100000| PB 0x00000000c9100000| Complete 
|1170|0x00000000c9200000, 0x00000000c9300000, 0x00000000c9300000|100%| E|CS|TAMS 0x00000000c9200000| PB 0x00000000c9200000| Complete 
|1171|0x00000000c9300000, 0x00000000c9400000, 0x00000000c9400000|100%| E|CS|TAMS 0x00000000c9300000| PB 0x00000000c9300000| Complete 
|1172|0x00000000c9400000, 0x00000000c9500000, 0x00000000c9500000|100%| E|CS|TAMS 0x00000000c9400000| PB 0x00000000c9400000| Complete 
|1173|0x00000000c9500000, 0x00000000c9600000, 0x00000000c9600000|100%| E|CS|TAMS 0x00000000c9500000| PB 0x00000000c9500000| Complete 
|1174|0x00000000c9600000, 0x00000000c9700000, 0x00000000c9700000|100%| E|CS|TAMS 0x00000000c9600000| PB 0x00000000c9600000| Complete 
|1175|0x00000000c9700000, 0x00000000c9800000, 0x00000000c9800000|100%| E|CS|TAMS 0x00000000c9700000| PB 0x00000000c9700000| Complete 
|1176|0x00000000c9800000, 0x00000000c9900000, 0x00000000c9900000|100%| E|CS|TAMS 0x00000000c9800000| PB 0x00000000c9800000| Complete 
|1177|0x00000000c9900000, 0x00000000c9a00000, 0x00000000c9a00000|100%| E|CS|TAMS 0x00000000c9900000| PB 0x00000000c9900000| Complete 
|1178|0x00000000c9a00000, 0x00000000c9b00000, 0x00000000c9b00000|100%| E|CS|TAMS 0x00000000c9a00000| PB 0x00000000c9a00000| Complete 
|1179|0x00000000c9b00000, 0x00000000c9c00000, 0x00000000c9c00000|100%| E|CS|TAMS 0x00000000c9b00000| PB 0x00000000c9b00000| Complete 
|1180|0x00000000c9c00000, 0x00000000c9d00000, 0x00000000c9d00000|100%| E|CS|TAMS 0x00000000c9c00000| PB 0x00000000c9c00000| Complete 
|1181|0x00000000c9d00000, 0x00000000c9e00000, 0x00000000c9e00000|100%| E|CS|TAMS 0x00000000c9d00000| PB 0x00000000c9d00000| Complete 
|1182|0x00000000c9e00000, 0x00000000c9f00000, 0x00000000c9f00000|100%| E|CS|TAMS 0x00000000c9e00000| PB 0x00000000c9e00000| Complete 
|1183|0x00000000c9f00000, 0x00000000ca000000, 0x00000000ca000000|100%| E|CS|TAMS 0x00000000c9f00000| PB 0x00000000c9f00000| Complete 
|1184|0x00000000ca000000, 0x00000000ca100000, 0x00000000ca100000|100%| E|CS|TAMS 0x00000000ca000000| PB 0x00000000ca000000| Complete 
|1185|0x00000000ca100000, 0x00000000ca200000, 0x00000000ca200000|100%| E|CS|TAMS 0x00000000ca100000| PB 0x00000000ca100000| Complete 
|1186|0x00000000ca200000, 0x00000000ca300000, 0x00000000ca300000|100%| E|CS|TAMS 0x00000000ca200000| PB 0x00000000ca200000| Complete 
|1187|0x00000000ca300000, 0x00000000ca400000, 0x00000000ca400000|100%| E|CS|TAMS 0x00000000ca300000| PB 0x00000000ca300000| Complete 
|1188|0x00000000ca400000, 0x00000000ca500000, 0x00000000ca500000|100%| E|CS|TAMS 0x00000000ca400000| PB 0x00000000ca400000| Complete 
|1189|0x00000000ca500000, 0x00000000ca600000, 0x00000000ca600000|100%| E|CS|TAMS 0x00000000ca500000| PB 0x00000000ca500000| Complete 
|1190|0x00000000ca600000, 0x00000000ca700000, 0x00000000ca700000|100%| E|CS|TAMS 0x00000000ca600000| PB 0x00000000ca600000| Complete 
|1191|0x00000000ca700000, 0x00000000ca800000, 0x00000000ca800000|100%| E|CS|TAMS 0x00000000ca700000| PB 0x00000000ca700000| Complete 
|1192|0x00000000ca800000, 0x00000000ca900000, 0x00000000ca900000|100%| E|CS|TAMS 0x00000000ca800000| PB 0x00000000ca800000| Complete 
|1193|0x00000000ca900000, 0x00000000caa00000, 0x00000000caa00000|100%| E|CS|TAMS 0x00000000ca900000| PB 0x00000000ca900000| Complete 
|1194|0x00000000caa00000, 0x00000000cab00000, 0x00000000cab00000|100%| E|CS|TAMS 0x00000000caa00000| PB 0x00000000caa00000| Complete 
|1195|0x00000000cab00000, 0x00000000cac00000, 0x00000000cac00000|100%| E|CS|TAMS 0x00000000cab00000| PB 0x00000000cab00000| Complete 
|1196|0x00000000cac00000, 0x00000000cad00000, 0x00000000cad00000|100%| E|CS|TAMS 0x00000000cac00000| PB 0x00000000cac00000| Complete 
|1197|0x00000000cad00000, 0x00000000cae00000, 0x00000000cae00000|100%| E|CS|TAMS 0x00000000cad00000| PB 0x00000000cad00000| Complete 
|1198|0x00000000cae00000, 0x00000000caf00000, 0x00000000caf00000|100%| E|CS|TAMS 0x00000000cae00000| PB 0x00000000cae00000| Complete 
|1199|0x00000000caf00000, 0x00000000cb000000, 0x00000000cb000000|100%| E|CS|TAMS 0x00000000caf00000| PB 0x00000000caf00000| Complete 
|1200|0x00000000cb000000, 0x00000000cb100000, 0x00000000cb100000|100%| E|CS|TAMS 0x00000000cb000000| PB 0x00000000cb000000| Complete 
|1201|0x00000000cb100000, 0x00000000cb200000, 0x00000000cb200000|100%| E|CS|TAMS 0x00000000cb100000| PB 0x00000000cb100000| Complete 
|1202|0x00000000cb200000, 0x00000000cb300000, 0x00000000cb300000|100%| E|CS|TAMS 0x00000000cb200000| PB 0x00000000cb200000| Complete 
|1203|0x00000000cb300000, 0x00000000cb400000, 0x00000000cb400000|100%| E|CS|TAMS 0x00000000cb300000| PB 0x00000000cb300000| Complete 
|1204|0x00000000cb400000, 0x00000000cb500000, 0x00000000cb500000|100%| E|CS|TAMS 0x00000000cb400000| PB 0x00000000cb400000| Complete 
|1205|0x00000000cb500000, 0x00000000cb600000, 0x00000000cb600000|100%| E|CS|TAMS 0x00000000cb500000| PB 0x00000000cb500000| Complete 
|1206|0x00000000cb600000, 0x00000000cb700000, 0x00000000cb700000|100%| E|CS|TAMS 0x00000000cb600000| PB 0x00000000cb600000| Complete 
|1207|0x00000000cb700000, 0x00000000cb800000, 0x00000000cb800000|100%| E|CS|TAMS 0x00000000cb700000| PB 0x00000000cb700000| Complete 
|1208|0x00000000cb800000, 0x00000000cb900000, 0x00000000cb900000|100%| E|CS|TAMS 0x00000000cb800000| PB 0x00000000cb800000| Complete 
|1209|0x00000000cb900000, 0x00000000cba00000, 0x00000000cba00000|100%| E|CS|TAMS 0x00000000cb900000| PB 0x00000000cb900000| Complete 
|1210|0x00000000cba00000, 0x00000000cbb00000, 0x00000000cbb00000|100%| E|CS|TAMS 0x00000000cba00000| PB 0x00000000cba00000| Complete 
|1211|0x00000000cbb00000, 0x00000000cbc00000, 0x00000000cbc00000|100%| E|CS|TAMS 0x00000000cbb00000| PB 0x00000000cbb00000| Complete 
|1212|0x00000000cbc00000, 0x00000000cbd00000, 0x00000000cbd00000|100%| E|CS|TAMS 0x00000000cbc00000| PB 0x00000000cbc00000| Complete 
|1213|0x00000000cbd00000, 0x00000000cbe00000, 0x00000000cbe00000|100%| E|CS|TAMS 0x00000000cbd00000| PB 0x00000000cbd00000| Complete 
|1214|0x00000000cbe00000, 0x00000000cbf00000, 0x00000000cbf00000|100%| E|CS|TAMS 0x00000000cbe00000| PB 0x00000000cbe00000| Complete 
|1215|0x00000000cbf00000, 0x00000000cc000000, 0x00000000cc000000|100%| E|CS|TAMS 0x00000000cbf00000| PB 0x00000000cbf00000| Complete 
|1216|0x00000000cc000000, 0x00000000cc100000, 0x00000000cc100000|100%| E|CS|TAMS 0x00000000cc000000| PB 0x00000000cc000000| Complete 
|1217|0x00000000cc100000, 0x00000000cc200000, 0x00000000cc200000|100%| E|CS|TAMS 0x00000000cc100000| PB 0x00000000cc100000| Complete 
|1218|0x00000000cc200000, 0x00000000cc300000, 0x00000000cc300000|100%| E|CS|TAMS 0x00000000cc200000| PB 0x00000000cc200000| Complete 
|1219|0x00000000cc300000, 0x00000000cc400000, 0x00000000cc400000|100%| E|CS|TAMS 0x00000000cc300000| PB 0x00000000cc300000| Complete 
|1220|0x00000000cc400000, 0x00000000cc500000, 0x00000000cc500000|100%| E|CS|TAMS 0x00000000cc400000| PB 0x00000000cc400000| Complete 
|1221|0x00000000cc500000, 0x00000000cc600000, 0x00000000cc600000|100%| E|CS|TAMS 0x00000000cc500000| PB 0x00000000cc500000| Complete 
|1222|0x00000000cc600000, 0x00000000cc700000, 0x00000000cc700000|100%| E|CS|TAMS 0x00000000cc600000| PB 0x00000000cc600000| Complete 
|1223|0x00000000cc700000, 0x00000000cc800000, 0x00000000cc800000|100%| E|CS|TAMS 0x00000000cc700000| PB 0x00000000cc700000| Complete 
|1224|0x00000000cc800000, 0x00000000cc900000, 0x00000000cc900000|100%| E|CS|TAMS 0x00000000cc800000| PB 0x00000000cc800000| Complete 
|1225|0x00000000cc900000, 0x00000000cca00000, 0x00000000cca00000|100%| E|CS|TAMS 0x00000000cc900000| PB 0x00000000cc900000| Complete 
|1226|0x00000000cca00000, 0x00000000ccb00000, 0x00000000ccb00000|100%| E|CS|TAMS 0x00000000cca00000| PB 0x00000000cca00000| Complete 
|1227|0x00000000ccb00000, 0x00000000ccc00000, 0x00000000ccc00000|100%| E|CS|TAMS 0x00000000ccb00000| PB 0x00000000ccb00000| Complete 
|1228|0x00000000ccc00000, 0x00000000ccd00000, 0x00000000ccd00000|100%| E|CS|TAMS 0x00000000ccc00000| PB 0x00000000ccc00000| Complete 
|1229|0x00000000ccd00000, 0x00000000cce00000, 0x00000000cce00000|100%| E|CS|TAMS 0x00000000ccd00000| PB 0x00000000ccd00000| Complete 
|1230|0x00000000cce00000, 0x00000000ccf00000, 0x00000000ccf00000|100%| E|CS|TAMS 0x00000000cce00000| PB 0x00000000cce00000| Complete 
|1231|0x00000000ccf00000, 0x00000000cd000000, 0x00000000cd000000|100%| E|CS|TAMS 0x00000000ccf00000| PB 0x00000000ccf00000| Complete 
|1232|0x00000000cd000000, 0x00000000cd100000, 0x00000000cd100000|100%| E|CS|TAMS 0x00000000cd000000| PB 0x00000000cd000000| Complete 
|1233|0x00000000cd100000, 0x00000000cd200000, 0x00000000cd200000|100%| E|CS|TAMS 0x00000000cd100000| PB 0x00000000cd100000| Complete 
|1234|0x00000000cd200000, 0x00000000cd300000, 0x00000000cd300000|100%| E|CS|TAMS 0x00000000cd200000| PB 0x00000000cd200000| Complete 
|1235|0x00000000cd300000, 0x00000000cd400000, 0x00000000cd400000|100%| E|CS|TAMS 0x00000000cd300000| PB 0x00000000cd300000| Complete 
|1236|0x00000000cd400000, 0x00000000cd500000, 0x00000000cd500000|100%| E|CS|TAMS 0x00000000cd400000| PB 0x00000000cd400000| Complete 
|1237|0x00000000cd500000, 0x00000000cd600000, 0x00000000cd600000|100%| E|CS|TAMS 0x00000000cd500000| PB 0x00000000cd500000| Complete 
|1238|0x00000000cd600000, 0x00000000cd700000, 0x00000000cd700000|100%| E|CS|TAMS 0x00000000cd600000| PB 0x00000000cd600000| Complete 
|1239|0x00000000cd700000, 0x00000000cd800000, 0x00000000cd800000|100%| E|CS|TAMS 0x00000000cd700000| PB 0x00000000cd700000| Complete 
|1240|0x00000000cd800000, 0x00000000cd900000, 0x00000000cd900000|100%| E|CS|TAMS 0x00000000cd800000| PB 0x00000000cd800000| Complete 
|1241|0x00000000cd900000, 0x00000000cda00000, 0x00000000cda00000|100%| E|CS|TAMS 0x00000000cd900000| PB 0x00000000cd900000| Complete 
|1242|0x00000000cda00000, 0x00000000cdb00000, 0x00000000cdb00000|100%| E|CS|TAMS 0x00000000cda00000| PB 0x00000000cda00000| Complete 
|1243|0x00000000cdb00000, 0x00000000cdc00000, 0x00000000cdc00000|100%| E|CS|TAMS 0x00000000cdb00000| PB 0x00000000cdb00000| Complete 
|1244|0x00000000cdc00000, 0x00000000cdd00000, 0x00000000cdd00000|100%| E|CS|TAMS 0x00000000cdc00000| PB 0x00000000cdc00000| Complete 
|1245|0x00000000cdd00000, 0x00000000cde00000, 0x00000000cde00000|100%| E|CS|TAMS 0x00000000cdd00000| PB 0x00000000cdd00000| Complete 
|1246|0x00000000cde00000, 0x00000000cdf00000, 0x00000000cdf00000|100%| E|CS|TAMS 0x00000000cde00000| PB 0x00000000cde00000| Complete 
|1247|0x00000000cdf00000, 0x00000000ce000000, 0x00000000ce000000|100%| E|CS|TAMS 0x00000000cdf00000| PB 0x00000000cdf00000| Complete 
|1248|0x00000000ce000000, 0x00000000ce100000, 0x00000000ce100000|100%| E|CS|TAMS 0x00000000ce000000| PB 0x00000000ce000000| Complete 
|1963|0x00000000fab00000, 0x00000000fab80000, 0x00000000fac00000| 50%| O|  |TAMS 0x00000000fab00000| PB 0x00000000fab00000| Untracked 
|1964|0x00000000fac00000, 0x00000000fad00000, 0x00000000fad00000|100%| O|  |TAMS 0x00000000fac00000| PB 0x00000000fac00000| Untracked 
|1965|0x00000000fad00000, 0x00000000fae00000, 0x00000000fae00000|100%| O|  |TAMS 0x00000000fad00000| PB 0x00000000fad00000| Untracked 
|1966|0x00000000fae00000, 0x00000000faf00000, 0x00000000faf00000|100%| O|  |TAMS 0x00000000fae00000| PB 0x00000000fae00000| Untracked 
|1967|0x00000000faf00000, 0x00000000fb000000, 0x00000000fb000000|100%| O|  |TAMS 0x00000000faf00000| PB 0x00000000faf00000| Untracked 
|1968|0x00000000fb000000, 0x00000000fb100000, 0x00000000fb100000|100%| O|  |TAMS 0x00000000fb000000| PB 0x00000000fb000000| Untracked 
|1969|0x00000000fb100000, 0x00000000fb200000, 0x00000000fb200000|100%| O|  |TAMS 0x00000000fb100000| PB 0x00000000fb100000| Untracked 
|1970|0x00000000fb200000, 0x00000000fb300000, 0x00000000fb300000|100%| O|  |TAMS 0x00000000fb200000| PB 0x00000000fb200000| Untracked 
|1971|0x00000000fb300000, 0x00000000fb400000, 0x00000000fb400000|100%| O|  |TAMS 0x00000000fb300000| PB 0x00000000fb300000| Untracked 
|1972|0x00000000fb400000, 0x00000000fb500000, 0x00000000fb500000|100%| O|  |TAMS 0x00000000fb400000| PB 0x00000000fb400000| Untracked 
|1973|0x00000000fb500000, 0x00000000fb600000, 0x00000000fb600000|100%| O|  |TAMS 0x00000000fb500000| PB 0x00000000fb500000| Untracked 
|1974|0x00000000fb600000, 0x00000000fb700000, 0x00000000fb700000|100%| O|  |TAMS 0x00000000fb600000| PB 0x00000000fb600000| Untracked 
|1975|0x00000000fb700000, 0x00000000fb800000, 0x00000000fb800000|100%| O|  |TAMS 0x00000000fb700000| PB 0x00000000fb700000| Untracked 
|1976|0x00000000fb800000, 0x00000000fb900000, 0x00000000fb900000|100%| O|  |TAMS 0x00000000fb800000| PB 0x00000000fb800000| Untracked 
|1977|0x00000000fb900000, 0x00000000fba00000, 0x00000000fba00000|100%| O|  |TAMS 0x00000000fb900000| PB 0x00000000fb900000| Untracked 
|1978|0x00000000fba00000, 0x00000000fbb00000, 0x00000000fbb00000|100%| O|  |TAMS 0x00000000fba00000| PB 0x00000000fba00000| Untracked 
|1979|0x00000000fbb00000, 0x00000000fbc00000, 0x00000000fbc00000|100%| O|  |TAMS 0x00000000fbb00000| PB 0x00000000fbb00000| Untracked 
|1980|0x00000000fbc00000, 0x00000000fbd00000, 0x00000000fbd00000|100%| O|  |TAMS 0x00000000fbc00000| PB 0x00000000fbc00000| Untracked 
|1981|0x00000000fbd00000, 0x00000000fbe00000, 0x00000000fbe00000|100%| O|  |TAMS 0x00000000fbd00000| PB 0x00000000fbd00000| Untracked 
|1982|0x00000000fbe00000, 0x00000000fbf00000, 0x00000000fbf00000|100%| O|  |TAMS 0x00000000fbe00000| PB 0x00000000fbe00000| Untracked 
|1983|0x00000000fbf00000, 0x00000000fc000000, 0x00000000fc000000|100%| O|  |TAMS 0x00000000fbf00000| PB 0x00000000fbf00000| Untracked 
|1984|0x00000000fc000000, 0x00000000fc100000, 0x00000000fc100000|100%| O|  |TAMS 0x00000000fc000000| PB 0x00000000fc000000| Untracked 
|1985|0x00000000fc100000, 0x00000000fc200000, 0x00000000fc200000|100%| O|  |TAMS 0x00000000fc100000| PB 0x00000000fc100000| Untracked 
|1986|0x00000000fc200000, 0x00000000fc300000, 0x00000000fc300000|100%| O|  |TAMS 0x00000000fc200000| PB 0x00000000fc200000| Untracked 
|1987|0x00000000fc300000, 0x00000000fc400000, 0x00000000fc400000|100%| O|  |TAMS 0x00000000fc300000| PB 0x00000000fc300000| Untracked 
|1988|0x00000000fc400000, 0x00000000fc500000, 0x00000000fc500000|100%| O|  |TAMS 0x00000000fc400000| PB 0x00000000fc400000| Untracked 
|1989|0x00000000fc500000, 0x00000000fc600000, 0x00000000fc600000|100%| O|  |TAMS 0x00000000fc500000| PB 0x00000000fc500000| Untracked 
|1990|0x00000000fc600000, 0x00000000fc700000, 0x00000000fc700000|100%| O|  |TAMS 0x00000000fc600000| PB 0x00000000fc600000| Untracked 
|1991|0x00000000fc700000, 0x00000000fc800000, 0x00000000fc800000|100%| O|  |TAMS 0x00000000fc700000| PB 0x00000000fc700000| Untracked 
|1992|0x00000000fc800000, 0x00000000fc900000, 0x00000000fc900000|100%| O|  |TAMS 0x00000000fc800000| PB 0x00000000fc800000| Untracked 
|1993|0x00000000fc900000, 0x00000000fca00000, 0x00000000fca00000|100%| O|  |TAMS 0x00000000fc900000| PB 0x00000000fc900000| Untracked 
|1994|0x00000000fca00000, 0x00000000fcb00000, 0x00000000fcb00000|100%| O|  |TAMS 0x00000000fca00000| PB 0x00000000fca00000| Untracked 
|1995|0x00000000fcb00000, 0x00000000fcc00000, 0x00000000fcc00000|100%| O|  |TAMS 0x00000000fcb00000| PB 0x00000000fcb00000| Untracked 
|1996|0x00000000fcc00000, 0x00000000fcd00000, 0x00000000fcd00000|100%| O|  |TAMS 0x00000000fcc00000| PB 0x00000000fcc00000| Untracked 
|1997|0x00000000fcd00000, 0x00000000fce00000, 0x00000000fce00000|100%| O|  |TAMS 0x00000000fcd00000| PB 0x00000000fcd00000| Untracked 
|1998|0x00000000fce00000, 0x00000000fcf00000, 0x00000000fcf00000|100%| O|  |TAMS 0x00000000fce00000| PB 0x00000000fce00000| Untracked 
|1999|0x00000000fcf00000, 0x00000000fd000000, 0x00000000fd000000|100%| O|  |TAMS 0x00000000fcf00000| PB 0x00000000fcf00000| Untracked 
|2000|0x00000000fd000000, 0x00000000fd100000, 0x00000000fd100000|100%| O|  |TAMS 0x00000000fd000000| PB 0x00000000fd000000| Untracked 
|2001|0x00000000fd100000, 0x00000000fd200000, 0x00000000fd200000|100%| O|  |TAMS 0x00000000fd100000| PB 0x00000000fd100000| Untracked 
|2002|0x00000000fd200000, 0x00000000fd300000, 0x00000000fd300000|100%| O|  |TAMS 0x00000000fd200000| PB 0x00000000fd200000| Untracked 
|2003|0x00000000fd300000, 0x00000000fd400000, 0x00000000fd400000|100%| O|  |TAMS 0x00000000fd300000| PB 0x00000000fd300000| Untracked 
|2004|0x00000000fd400000, 0x00000000fd500000, 0x00000000fd500000|100%| O|  |TAMS 0x00000000fd400000| PB 0x00000000fd400000| Untracked 
|2005|0x00000000fd500000, 0x00000000fd600000, 0x00000000fd600000|100%| O|  |TAMS 0x00000000fd500000| PB 0x00000000fd500000| Untracked 
|2006|0x00000000fd600000, 0x00000000fd700000, 0x00000000fd700000|100%| O|  |TAMS 0x00000000fd600000| PB 0x00000000fd600000| Untracked 
|2007|0x00000000fd700000, 0x00000000fd800000, 0x00000000fd800000|100%| O|  |TAMS 0x00000000fd700000| PB 0x00000000fd700000| Untracked 
|2008|0x00000000fd800000, 0x00000000fd900000, 0x00000000fd900000|100%| O|  |TAMS 0x00000000fd800000| PB 0x00000000fd800000| Untracked 
|2009|0x00000000fd900000, 0x00000000fda00000, 0x00000000fda00000|100%| O|  |TAMS 0x00000000fd900000| PB 0x00000000fd900000| Untracked 
|2010|0x00000000fda00000, 0x00000000fdb00000, 0x00000000fdb00000|100%| O|  |TAMS 0x00000000fda00000| PB 0x00000000fda00000| Untracked 
|2011|0x00000000fdb00000, 0x00000000fdc00000, 0x00000000fdc00000|100%| O|  |TAMS 0x00000000fdb00000| PB 0x00000000fdb00000| Untracked 
|2012|0x00000000fdc00000, 0x00000000fdd00000, 0x00000000fdd00000|100%| O|  |TAMS 0x00000000fdc00000| PB 0x00000000fdc00000| Untracked 
|2013|0x00000000fdd00000, 0x00000000fde00000, 0x00000000fde00000|100%| O|  |TAMS 0x00000000fdd00000| PB 0x00000000fdd00000| Untracked 
|2014|0x00000000fde00000, 0x00000000fdf00000, 0x00000000fdf00000|100%| O|  |TAMS 0x00000000fde00000| PB 0x00000000fde00000| Untracked 
|2015|0x00000000fdf00000, 0x00000000fe000000, 0x00000000fe000000|100%| O|  |TAMS 0x00000000fdf00000| PB 0x00000000fdf00000| Untracked 
|2016|0x00000000fe000000, 0x00000000fe100000, 0x00000000fe100000|100%| O|  |TAMS 0x00000000fe000000| PB 0x00000000fe000000| Untracked 
|2017|0x00000000fe100000, 0x00000000fe200000, 0x00000000fe200000|100%| O|  |TAMS 0x00000000fe100000| PB 0x00000000fe100000| Untracked 
|2018|0x00000000fe200000, 0x00000000fe300000, 0x00000000fe300000|100%| O|  |TAMS 0x00000000fe200000| PB 0x00000000fe200000| Untracked 
|2019|0x00000000fe300000, 0x00000000fe400000, 0x00000000fe400000|100%| O|  |TAMS 0x00000000fe300000| PB 0x00000000fe300000| Untracked 
|2020|0x00000000fe400000, 0x00000000fe500000, 0x00000000fe500000|100%| O|  |TAMS 0x00000000fe400000| PB 0x00000000fe400000| Untracked 
|2021|0x00000000fe500000, 0x00000000fe600000, 0x00000000fe600000|100%| O|  |TAMS 0x00000000fe500000| PB 0x00000000fe500000| Untracked 
|2022|0x00000000fe600000, 0x00000000fe700000, 0x00000000fe700000|100%| O|  |TAMS 0x00000000fe600000| PB 0x00000000fe600000| Untracked 
|2023|0x00000000fe700000, 0x00000000fe800000, 0x00000000fe800000|100%| O|  |TAMS 0x00000000fe700000| PB 0x00000000fe700000| Untracked 
|2024|0x00000000fe800000, 0x00000000fe900000, 0x00000000fe900000|100%| O|  |TAMS 0x00000000fe800000| PB 0x00000000fe800000| Untracked 
|2025|0x00000000fe900000, 0x00000000fea00000, 0x00000000fea00000|100%| O|  |TAMS 0x00000000fe900000| PB 0x00000000fe900000| Untracked 
|2026|0x00000000fea00000, 0x00000000feb00000, 0x00000000feb00000|100%| O|  |TAMS 0x00000000fea00000| PB 0x00000000fea00000| Untracked 
|2027|0x00000000feb00000, 0x00000000fec00000, 0x00000000fec00000|100%| O|  |TAMS 0x00000000feb00000| PB 0x00000000feb00000| Untracked 
|2028|0x00000000fec00000, 0x00000000fed00000, 0x00000000fed00000|100%| O|  |TAMS 0x00000000fec00000| PB 0x00000000fec00000| Untracked 
|2029|0x00000000fed00000, 0x00000000fee00000, 0x00000000fee00000|100%| O|  |TAMS 0x00000000fed00000| PB 0x00000000fed00000| Untracked 
|2030|0x00000000fee00000, 0x00000000fef00000, 0x00000000fef00000|100%| O|  |TAMS 0x00000000fee00000| PB 0x00000000fee00000| Untracked 
|2031|0x00000000fef00000, 0x00000000ff000000, 0x00000000ff000000|100%| O|  |TAMS 0x00000000fef00000| PB 0x00000000fef00000| Untracked 
|2032|0x00000000ff000000, 0x00000000ff100000, 0x00000000ff100000|100%| O|  |TAMS 0x00000000ff000000| PB 0x00000000ff000000| Untracked 
|2033|0x00000000ff100000, 0x00000000ff200000, 0x00000000ff200000|100%| O|  |TAMS 0x00000000ff100000| PB 0x00000000ff100000| Untracked 
|2034|0x00000000ff200000, 0x00000000ff300000, 0x00000000ff300000|100%| O|  |TAMS 0x00000000ff200000| PB 0x00000000ff200000| Untracked 
|2035|0x00000000ff300000, 0x00000000ff400000, 0x00000000ff400000|100%| O|  |TAMS 0x00000000ff300000| PB 0x00000000ff300000| Untracked 
|2036|0x00000000ff400000, 0x00000000ff500000, 0x00000000ff500000|100%| O|  |TAMS 0x00000000ff400000| PB 0x00000000ff400000| Untracked 
|2037|0x00000000ff500000, 0x00000000ff600000, 0x00000000ff600000|100%| O|  |TAMS 0x00000000ff500000| PB 0x00000000ff500000| Untracked 
|2038|0x00000000ff600000, 0x00000000ff700000, 0x00000000ff700000|100%| O|  |TAMS 0x00000000ff600000| PB 0x00000000ff600000| Untracked 
|2039|0x00000000ff700000, 0x00000000ff800000, 0x00000000ff800000|100%| O|  |TAMS 0x00000000ff700000| PB 0x00000000ff700000| Untracked 
|2040|0x00000000ff800000, 0x00000000ff900000, 0x00000000ff900000|100%| O|  |TAMS 0x00000000ff800000| PB 0x00000000ff800000| Untracked 
|2041|0x00000000ff900000, 0x00000000ffa00000, 0x00000000ffa00000|100%| O|  |TAMS 0x00000000ff900000| PB 0x00000000ff900000| Untracked 
|2042|0x00000000ffa00000, 0x00000000ffb00000, 0x00000000ffb00000|100%| E|CS|TAMS 0x00000000ffa00000| PB 0x00000000ffa00000| Complete 
|2043|0x00000000ffb00000, 0x00000000ffc00000, 0x00000000ffc00000|100%| O|  |TAMS 0x00000000ffb00000| PB 0x00000000ffb00000| Untracked 
|2044|0x00000000ffc00000, 0x00000000ffd00000, 0x00000000ffd00000|100%| E|CS|TAMS 0x00000000ffc00000| PB 0x00000000ffc00000| Complete 
|2045|0x00000000ffd00000, 0x00000000ffe00000, 0x00000000ffe00000|100%| E|CS|TAMS 0x00000000ffd00000| PB 0x00000000ffd00000| Complete 
|2046|0x00000000ffe00000, 0x00000000fff00000, 0x00000000fff00000|100%| O|  |TAMS 0x00000000ffe00000| PB 0x00000000ffe00000| Untracked 
|2047|0x00000000fff00000, 0x0000000100000000, 0x0000000100000000|100%| O|  |TAMS 0x00000000fff00000| PB 0x00000000fff00000| Untracked 

Card table byte_map: [0x000001ce49f10000,0x000001ce4a310000] _byte_map_base: 0x000001ce49b10000

Marking Bits: (CMBitMap*) 0x000001ce37187bd0
 Bits: [0x000001ce4a310000, 0x000001ce4c310000)

Polling page: 0x000001ce35140000

Metaspace:

Usage:
  Non-class:    139.74 MB used.
      Class:     22.22 MB used.
       Both:    161.96 MB used.

Virtual space:
  Non-class space:      192.00 MB reserved,     141.00 MB ( 73%) committed,  3 nodes.
      Class space:        1.00 GB reserved,      23.38 MB (  2%) committed,  1 nodes.
             Both:        1.19 GB reserved,     164.38 MB ( 14%) committed. 

Chunk freelists:
   Non-Class:  2.61 MB
       Class:  8.62 MB
        Both:  11.23 MB

MaxMetaspaceSize: unlimited
CompressedClassSpaceSize: 1.00 GB
Initial GC threshold: 21.00 MB
Current GC threshold: 248.06 MB
CDS: off
 - commit_granule_bytes: 65536.
 - commit_granule_words: 8192.
 - virtual_space_node_default_size: 8388608.
 - enlarge_chunks_in_place: 1.
 - use_allocation_guard: 0.


Internal statistics:

num_allocs_failed_limit: 9.
num_arena_births: 4880.
num_arena_deaths: 52.
num_vsnodes_births: 4.
num_vsnodes_deaths: 0.
num_space_committed: 2628.
num_space_uncommitted: 0.
num_chunks_returned_to_freelist: 86.
num_chunks_taken_from_freelist: 12023.
num_chunk_merges: 38.
num_chunk_splits: 7901.
num_chunks_enlarged: 5107.
num_inconsistent_stats: 0.

CodeHeap 'non-profiled nmethods': size=119168Kb used=29405Kb max_used=29405Kb free=89762Kb
 bounds [0x000001ce41e10000, 0x000001ce43ad0000, 0x000001ce49270000]
CodeHeap 'profiled nmethods': size=119104Kb used=40943Kb max_used=40943Kb free=78160Kb
 bounds [0x000001ce3a270000, 0x000001ce3ca70000, 0x000001ce416c0000]
CodeHeap 'non-nmethods': size=7488Kb used=4153Kb max_used=4838Kb free=3334Kb
 bounds [0x000001ce416c0000, 0x000001ce41bb0000, 0x000001ce41e10000]
CodeCache: size=245760Kb, used=74501Kb, max_used=75186Kb, free=171256Kb
 total_blobs=23261, nmethods=22157, adapters=1003, full_count=0
Compilation: enabled, stopped_count=0, restarted_count=0

Compilation events (20 events):
Event: 48.313 Thread 0x000001ce4f625ff0 31362 %     4       com.android.tools.r8.internal.xc0::b @ 405 (3604 bytes)
Event: 48.339 Thread 0x000001ce4f637240 31829       3       com.android.builder.files.RelativeFiles$$Lambda/0x00000001017560b0::test (8 bytes)
Event: 48.339 Thread 0x000001ce61324ec0 31830       3       com.android.builder.files.RelativeFile::<init> (37 bytes)
Event: 48.340 Thread 0x000001ce4f637240 nmethod 31829 0x000001ce3ca69310 code [0x000001ce3ca69540, 0x000001ce3ca69df0]
Event: 48.340 Thread 0x000001ce61324ec0 nmethod 31830 0x000001ce3ca6a190 code [0x000001ce3ca6a380, 0x000001ce3ca6a950]
Event: 48.346 Thread 0x000001ce6131e890 nmethod 31214 0x000001ce43aa4c10 code [0x000001ce43aa56a0, 0x000001ce43aadc70]
Event: 48.346 Thread 0x000001ce6131e890 31385       4       com.android.tools.r8.internal.fn::a (1189 bytes)
Event: 48.388 Thread 0x000001ce61323a50 nmethod 31530% 0x000001ce43ab4590 code [0x000001ce43ab49c0, 0x000001ce43ab7cc0]
Event: 48.388 Thread 0x000001ce61323a50 31453 %     4       com.android.tools.r8.internal.ce0::a @ 296 (1134 bytes)
Event: 48.513 Thread 0x000001ce613247f0 nmethod 31375% 0x000001ce43ab8f90 code [0x000001ce43ab9ae0, 0x000001ce43ac1818]
Event: 48.513 Thread 0x000001ce613247f0 31359       4       com.android.tools.r8.ir.optimize.f0::a (724 bytes)
Event: 48.547 Thread 0x000001ce61324ec0 31835       2       com.google.common.math.IntMath::isPowerOfTwo (24 bytes)
Event: 48.547 Thread 0x000001ce4f637240 31834       2       com.google.common.math.MathPreconditions::checkPositive (42 bytes)
Event: 48.547 Thread 0x000001ce613225e0 31836       2       com.google.common.math.MathPreconditions::checkRoundingUnnecessary (15 bytes)
Event: 48.547 Thread 0x000001ce61324ec0 nmethod 31835 0x000001ce3ca6ab90 code [0x000001ce3ca6ad20, 0x000001ce3ca6ae30]
Event: 48.547 Thread 0x000001ce613225e0 nmethod 31836 0x000001ce3ca6af10 code [0x000001ce3ca6b0c0, 0x000001ce3ca6b260]
Event: 48.547 Thread 0x000001ce4f637240 nmethod 31834 0x000001ce3ca6b310 code [0x000001ce3ca6b520, 0x000001ce3ca6b8c0]
Event: 48.549 Thread 0x000001ce4f637240 31837       1       com.google.common.base.Absent::isPresent (2 bytes)
Event: 48.549 Thread 0x000001ce4f637240 nmethod 31837 0x000001ce43ac7190 code [0x000001ce43ac7320, 0x000001ce43ac73e8]
Event: 48.566 Thread 0x000001ce4f637240 31838       2       com.google.common.io.Closer::register (16 bytes)

GC Heap History (20 events):
Event: 29.153 GC heap before
{Heap before GC invocations=99 (full 0):
 garbage-first heap   total 1184768K, used 432988K [0x0000000080000000, 0x0000000100000000)
  region size 1024K, 58 young (59392K), 36 survivors (36864K)
 Metaspace       used 147673K, committed 150016K, reserved 1179648K
  class space    used 20745K, committed 21888K, reserved 1048576K
}
Event: 29.170 GC heap after
{Heap after GC invocations=100 (full 0):
 garbage-first heap   total 1184768K, used 415300K [0x0000000080000000, 0x0000000100000000)
  region size 1024K, 36 young (36864K), 36 survivors (36864K)
 Metaspace       used 147673K, committed 150016K, reserved 1179648K
  class space    used 20745K, committed 21888K, reserved 1048576K
}
Event: 29.755 GC heap before
{Heap before GC invocations=101 (full 0):
 garbage-first heap   total 1184768K, used 1098308K [0x0000000080000000, 0x0000000100000000)
  region size 1024K, 691 young (707584K), 36 survivors (36864K)
 Metaspace       used 147683K, committed 150016K, reserved 1179648K
  class space    used 20745K, committed 21888K, reserved 1048576K
}
Event: 29.769 GC heap after
{Heap after GC invocations=102 (full 0):
 garbage-first heap   total 1184768K, used 403753K [0x0000000080000000, 0x0000000100000000)
  region size 1024K, 25 young (25600K), 25 survivors (25600K)
 Metaspace       used 147683K, committed 150016K, reserved 1179648K
  class space    used 20745K, committed 21888K, reserved 1048576K
}
Event: 30.235 GC heap before
{Heap before GC invocations=102 (full 0):
 garbage-first heap   total 1184768K, used 1087785K [0x0000000080000000, 0x0000000100000000)
  region size 1024K, 694 young (710656K), 25 survivors (25600K)
 Metaspace       used 147699K, committed 150080K, reserved 1179648K
  class space    used 20745K, committed 21888K, reserved 1048576K
}
Event: 30.258 GC heap after
{Heap after GC invocations=103 (full 0):
 garbage-first heap   total 1184768K, used 372736K [0x0000000080000000, 0x0000000100000000)
  region size 1024K, 33 young (33792K), 33 survivors (33792K)
 Metaspace       used 147699K, committed 150080K, reserved 1179648K
  class space    used 20745K, committed 21888K, reserved 1048576K
}
Event: 30.944 GC heap before
{Heap before GC invocations=103 (full 0):
 garbage-first heap   total 1184768K, used 1057792K [0x0000000080000000, 0x0000000100000000)
  region size 1024K, 694 young (710656K), 33 survivors (33792K)
 Metaspace       used 147713K, committed 150080K, reserved 1179648K
  class space    used 20747K, committed 21888K, reserved 1048576K
}
Event: 30.958 GC heap after
{Heap after GC invocations=104 (full 0):
 garbage-first heap   total 1184768K, used 364324K [0x0000000080000000, 0x0000000100000000)
  region size 1024K, 23 young (23552K), 23 survivors (23552K)
 Metaspace       used 147713K, committed 150080K, reserved 1179648K
  class space    used 20747K, committed 21888K, reserved 1048576K
}
Event: 31.799 GC heap before
{Heap before GC invocations=104 (full 0):
 garbage-first heap   total 1184768K, used 1061668K [0x0000000080000000, 0x0000000100000000)
  region size 1024K, 694 young (710656K), 23 survivors (23552K)
 Metaspace       used 147745K, committed 150080K, reserved 1179648K
  class space    used 20752K, committed 21888K, reserved 1048576K
}
Event: 31.812 GC heap after
{Heap after GC invocations=105 (full 0):
 garbage-first heap   total 1184768K, used 360963K [0x0000000080000000, 0x0000000100000000)
  region size 1024K, 19 young (19456K), 19 survivors (19456K)
 Metaspace       used 147745K, committed 150080K, reserved 1179648K
  class space    used 20752K, committed 21888K, reserved 1048576K
}
Event: 31.983 GC heap before
{Heap before GC invocations=105 (full 0):
 garbage-first heap   total 1184768K, used 427523K [0x0000000080000000, 0x0000000100000000)
  region size 1024K, 57 young (58368K), 19 survivors (19456K)
 Metaspace       used 149126K, committed 151488K, reserved 1179648K
  class space    used 20972K, committed 22144K, reserved 1048576K
}
Event: 31.998 GC heap after
{Heap after GC invocations=106 (full 0):
 garbage-first heap   total 1184768K, used 396744K [0x0000000080000000, 0x0000000100000000)
  region size 1024K, 25 young (25600K), 25 survivors (25600K)
 Metaspace       used 149126K, committed 151488K, reserved 1179648K
  class space    used 20972K, committed 22144K, reserved 1048576K
}
Event: 34.873 GC heap before
{Heap before GC invocations=107 (full 0):
 garbage-first heap   total 1184768K, used 1183176K [0x0000000080000000, 0x0000000100000000)
  region size 1024K, 694 young (710656K), 25 survivors (25600K)
 Metaspace       used 153866K, committed 156160K, reserved 1245184K
  class space    used 21448K, committed 22592K, reserved 1048576K
}
Event: 34.961 GC heap after
{Heap after GC invocations=108 (full 0):
 garbage-first heap   total 1351680K, used 563200K [0x0000000080000000, 0x0000000100000000)
  region size 1024K, 87 young (89088K), 87 survivors (89088K)
 Metaspace       used 153866K, committed 156160K, reserved 1245184K
  class space    used 21448K, committed 22592K, reserved 1048576K
}
Event: 35.956 GC heap before
{Heap before GC invocations=108 (full 0):
 garbage-first heap   total 1351680K, used 1243136K [0x0000000080000000, 0x0000000100000000)
  region size 1024K, 683 young (699392K), 87 survivors (89088K)
 Metaspace       used 156231K, committed 158592K, reserved 1245184K
  class space    used 21593K, committed 22784K, reserved 1048576K
}
Event: 36.017 GC heap after
{Heap after GC invocations=109 (full 0):
 garbage-first heap   total 1366016K, used 535040K [0x0000000080000000, 0x0000000100000000)
  region size 1024K, 28 young (28672K), 28 survivors (28672K)
 Metaspace       used 156231K, committed 158592K, reserved 1245184K
  class space    used 21593K, committed 22784K, reserved 1048576K
}
Event: 36.721 GC heap before
{Heap before GC invocations=109 (full 0):
 garbage-first heap   total 1366016K, used 1192448K [0x0000000080000000, 0x0000000100000000)
  region size 1024K, 671 young (687104K), 28 survivors (28672K)
 Metaspace       used 159798K, committed 162176K, reserved 1245184K
  class space    used 21950K, committed 23104K, reserved 1048576K
}
Event: 36.731 GC heap after
{Heap after GC invocations=110 (full 0):
 garbage-first heap   total 1366016K, used 510976K [0x0000000080000000, 0x0000000100000000)
  region size 1024K, 32 young (32768K), 32 survivors (32768K)
 Metaspace       used 159798K, committed 162176K, reserved 1245184K
  class space    used 21950K, committed 23104K, reserved 1048576K
}
Event: 37.495 GC heap before
{Heap before GC invocations=110 (full 0):
 garbage-first heap   total 1366016K, used 1220607K [0x0000000080000000, 0x0000000100000000)
  region size 1024K, 722 young (739328K), 32 survivors (32768K)
 Metaspace       used 159849K, committed 162176K, reserved 1245184K
  class space    used 21952K, committed 23104K, reserved 1048576K
}
Event: 37.507 GC heap after
{Heap after GC invocations=111 (full 0):
 garbage-first heap   total 1366016K, used 513470K [0x0000000080000000, 0x0000000100000000)
  region size 1024K, 32 young (32768K), 32 survivors (32768K)
 Metaspace       used 159849K, committed 162176K, reserved 1245184K
  class space    used 21952K, committed 23104K, reserved 1048576K
}

Dll operation events (3 events):
Event: 0.008 Loaded shared library C:\Program Files\Android\Android Studio\jbr\bin\java.dll
Event: 0.013 Loaded shared library C:\Program Files\Android\Android Studio\jbr\bin\zip.dll
Event: 0.440 Loaded shared library C:\Program Files\Android\Android Studio\jbr\bin\verify.dll

Deoptimization events (20 events):
Event: 48.194 Thread 0x000001ce60daf5e0 Uncommon trap: trap_request=0xffffffc6 fr.pc=0x000001ce436055f4 relative=0x0000000000000e74
Event: 48.194 Thread 0x000001ce60daf5e0 Uncommon trap: reason=bimorphic_or_optimized_type_check action=maybe_recompile pc=0x000001ce436055f4 method=java.io.FilterInputStream.read([BII)I @ 7 c2
Event: 48.194 Thread 0x000001ce60daf5e0 DEOPT PACKING pc=0x000001ce436055f4 sp=0x000000099b1fdd80
Event: 48.194 Thread 0x000001ce60daf5e0 DEOPT UNPACKING pc=0x000001ce417146a2 sp=0x000000099b1fdcc8 mode 2
Event: 48.194 Thread 0x000001ce60daf5e0 Uncommon trap: trap_request=0xffffffc6 fr.pc=0x000001ce43628270 relative=0x0000000000002a30
Event: 48.194 Thread 0x000001ce60daf5e0 Uncommon trap: reason=bimorphic_or_optimized_type_check action=maybe_recompile pc=0x000001ce43628270 method=java.io.FilterInputStream.read([BII)I @ 7 c2
Event: 48.194 Thread 0x000001ce60daf5e0 DEOPT PACKING pc=0x000001ce43628270 sp=0x000000099b1fde80
Event: 48.194 Thread 0x000001ce60daf5e0 DEOPT UNPACKING pc=0x000001ce417146a2 sp=0x000000099b1fdcb0 mode 2
Event: 48.194 Thread 0x000001ce60daf5e0 Uncommon trap: trap_request=0xffffffc6 fr.pc=0x000001ce43621f80 relative=0x0000000000002040
Event: 48.194 Thread 0x000001ce60daf5e0 Uncommon trap: reason=bimorphic_or_optimized_type_check action=maybe_recompile pc=0x000001ce43621f80 method=java.io.FilterInputStream.read([BII)I @ 7 c2
Event: 48.194 Thread 0x000001ce60daf5e0 DEOPT PACKING pc=0x000001ce43621f80 sp=0x000000099b1fde10
Event: 48.194 Thread 0x000001ce60daf5e0 DEOPT UNPACKING pc=0x000001ce417146a2 sp=0x000000099b1fdca8 mode 2
Event: 48.194 Thread 0x000001ce60daf5e0 Uncommon trap: trap_request=0xffffffc6 fr.pc=0x000001ce436055f4 relative=0x0000000000000e74
Event: 48.194 Thread 0x000001ce60daf5e0 Uncommon trap: reason=bimorphic_or_optimized_type_check action=maybe_recompile pc=0x000001ce436055f4 method=java.io.FilterInputStream.read([BII)I @ 7 c2
Event: 48.194 Thread 0x000001ce60daf5e0 DEOPT PACKING pc=0x000001ce436055f4 sp=0x000000099b1fdd50
Event: 48.194 Thread 0x000001ce60daf5e0 DEOPT UNPACKING pc=0x000001ce417146a2 sp=0x000000099b1fdc98 mode 2
Event: 48.194 Thread 0x000001ce60daf5e0 Uncommon trap: trap_request=0xffffffc6 fr.pc=0x000001ce43749128 relative=0x0000000000000348
Event: 48.194 Thread 0x000001ce60daf5e0 Uncommon trap: reason=bimorphic_or_optimized_type_check action=maybe_recompile pc=0x000001ce43749128 method=java.io.FilterInputStream.read([BII)I @ 7 c2
Event: 48.194 Thread 0x000001ce60daf5e0 DEOPT PACKING pc=0x000001ce43749128 sp=0x000000099b1fdcd0
Event: 48.194 Thread 0x000001ce60daf5e0 DEOPT UNPACKING pc=0x000001ce417146a2 sp=0x000000099b1fdc98 mode 2

Classes loaded (20 events):
Event: 41.347 Loading class sun/rmi/transport/DGCImpl$LeaseInfo
Event: 41.347 Loading class sun/rmi/transport/DGCImpl$LeaseInfo done
Event: 41.347 Loading class sun/rmi/transport/DGCImpl$1
Event: 41.347 Loading class sun/rmi/transport/DGCImpl$1 done
Event: 41.347 Loading class sun/rmi/transport/SequenceEntry
Event: 41.347 Loading class sun/rmi/transport/SequenceEntry done
Event: 47.822 Loading class java/util/zip/ZipOutputStream
Event: 47.823 Loading class java/util/zip/ZipOutputStream done
Event: 47.876 Loading class java/util/zip/Deflater
Event: 47.876 Loading class java/util/zip/Deflater done
Event: 47.878 Loading class java/util/zip/Deflater$DeflaterZStreamRef
Event: 47.878 Loading class java/util/zip/Deflater$DeflaterZStreamRef done
Event: 47.893 Loading class java/nio/file/Path$1
Event: 47.893 Loading class java/nio/file/Path$1 done
Event: 47.895 Loading class java/util/zip/ZipOutputStream$XEntry
Event: 47.895 Loading class java/util/zip/ZipOutputStream$XEntry done
Event: 47.896 Loading class java/util/Vector$Itr
Event: 47.896 Loading class java/util/Vector$Itr done
Event: 48.033 Loading class sun/nio/cs/US_ASCII$Decoder
Event: 48.033 Loading class sun/nio/cs/US_ASCII$Decoder done

Classes unloaded (20 events):
Event: 17.317 Thread 0x000001ce4f5934c0 Unloading class 0x00000001013bd800 'java/lang/invoke/LambdaForm$DMH+0x00000001013bd800'
Event: 17.317 Thread 0x000001ce4f5934c0 Unloading class 0x00000001013bd400 'java/lang/invoke/LambdaForm$DMH+0x00000001013bd400'
Event: 17.317 Thread 0x000001ce4f5934c0 Unloading class 0x00000001013bc800 'java/lang/invoke/LambdaForm$DMH+0x00000001013bc800'
Event: 17.317 Thread 0x000001ce4f5934c0 Unloading class 0x00000001013bc400 'java/lang/invoke/LambdaForm$DMH+0x00000001013bc400'
Event: 17.317 Thread 0x000001ce4f5934c0 Unloading class 0x00000001013bd000 'java/lang/invoke/LambdaForm$DMH+0x00000001013bd000'
Event: 17.317 Thread 0x000001ce4f5934c0 Unloading class 0x00000001013bcc00 'java/lang/invoke/LambdaForm$DMH+0x00000001013bcc00'
Event: 17.317 Thread 0x000001ce4f5934c0 Unloading class 0x0000000101368c00 'java/lang/invoke/LambdaForm$DMH+0x0000000101368c00'
Event: 17.317 Thread 0x000001ce4f5934c0 Unloading class 0x0000000101368400 'java/lang/invoke/LambdaForm$DMH+0x0000000101368400'
Event: 17.317 Thread 0x000001ce4f5934c0 Unloading class 0x0000000101368800 'java/lang/invoke/LambdaForm$DMH+0x0000000101368800'
Event: 17.317 Thread 0x000001ce4f5934c0 Unloading class 0x0000000101368000 'java/lang/invoke/LambdaForm$DMH+0x0000000101368000'
Event: 17.317 Thread 0x000001ce4f5934c0 Unloading class 0x0000000101365800 'java/lang/invoke/LambdaForm$DMH+0x0000000101365800'
Event: 17.317 Thread 0x000001ce4f5934c0 Unloading class 0x0000000101365400 'java/lang/invoke/LambdaForm$DMH+0x0000000101365400'
Event: 17.317 Thread 0x000001ce4f5934c0 Unloading class 0x0000000101365000 'java/lang/invoke/LambdaForm$DMH+0x0000000101365000'
Event: 17.317 Thread 0x000001ce4f5934c0 Unloading class 0x0000000101364400 'java/lang/invoke/LambdaForm$DMH+0x0000000101364400'
Event: 17.317 Thread 0x000001ce4f5934c0 Unloading class 0x0000000101364c00 'java/lang/invoke/LambdaForm$DMH+0x0000000101364c00'
Event: 17.317 Thread 0x000001ce4f5934c0 Unloading class 0x0000000101364000 'java/lang/invoke/LambdaForm$DMH+0x0000000101364000'
Event: 18.794 Thread 0x000001ce4f5934c0 Unloading class 0x00000001014c4c00 'java/lang/invoke/LambdaForm$DMH+0x00000001014c4c00'
Event: 18.794 Thread 0x000001ce4f5934c0 Unloading class 0x00000001014c4800 'java/lang/invoke/LambdaForm$DMH+0x00000001014c4800'
Event: 18.794 Thread 0x000001ce4f5934c0 Unloading class 0x00000001014c4000 'java/lang/invoke/LambdaForm$DMH+0x00000001014c4000'
Event: 18.794 Thread 0x000001ce4f5934c0 Unloading class 0x000000010148c400 'java/lang/invoke/LambdaForm$DMH+0x000000010148c400'

Classes redefined (0 events):
No events

Internal exceptions (20 events):
Event: 47.776 Thread 0x000001ce58fb5bc0 Exception <a 'sun/nio/fs/WindowsException'{0x00000000c664c778}> (0x00000000c664c778) 
thrown [s\src\hotspot\share\prims\jni.cpp, line 537]
Event: 47.777 Thread 0x000001ce58fb5bc0 Exception <a 'sun/nio/fs/WindowsException'{0x00000000c664f1e8}> (0x00000000c664f1e8) 
thrown [s\src\hotspot\share\prims\jni.cpp, line 537]
Event: 47.777 Thread 0x000001ce629ff010 Exception <a 'sun/nio/fs/WindowsException'{0x00000000c6628d80}> (0x00000000c6628d80) 
thrown [s\src\hotspot\share\prims\jni.cpp, line 537]
Event: 47.778 Thread 0x000001ce629ff010 Exception <a 'sun/nio/fs/WindowsException'{0x00000000c6629070}> (0x00000000c6629070) 
thrown [s\src\hotspot\share\prims\jni.cpp, line 537]
Event: 47.817 Thread 0x000001ce58fb5bc0 Exception <a 'sun/nio/fs/WindowsException'{0x00000000c62b4bc0}> (0x00000000c62b4bc0) 
thrown [s\src\hotspot\share\prims\jni.cpp, line 537]
Event: 47.839 Thread 0x000001ce58fb5bc0 Exception <a 'java/lang/NoSuchMethodError'{0x00000000c5fe6a80}: static Lcom/android/build/gradle/internal/tasks/DexArchiveBuilderTaskDelegate$ClasspathServiceKey;.<clinit>()V> (0x00000000c5fe6a80) 
thrown [s\src\hotspot\share\prims\jni.cpp, line 1144]
Event: 47.892 Thread 0x000001ce629f8da0 Exception <a 'sun/nio/fs/WindowsException'{0x00000000c4c8eb00}> (0x00000000c4c8eb00) 
thrown [s\src\hotspot\share\prims\jni.cpp, line 537]
Event: 47.892 Thread 0x000001ce629f8da0 Exception <a 'sun/nio/fs/WindowsException'{0x00000000c4c8f5f8}> (0x00000000c4c8f5f8) 
thrown [s\src\hotspot\share\prims\jni.cpp, line 537]
Event: 47.892 Thread 0x000001ce629f8da0 Exception <a 'sun/nio/fs/WindowsException'{0x00000000c4c900e0}> (0x00000000c4c900e0) 
thrown [s\src\hotspot\share\prims\jni.cpp, line 537]
Event: 47.892 Thread 0x000001ce629f8da0 Exception <a 'sun/nio/fs/WindowsException'{0x00000000c4c90bc0}> (0x00000000c4c90bc0) 
thrown [s\src\hotspot\share\prims\jni.cpp, line 537]
Event: 47.893 Thread 0x000001ce629f8da0 Exception <a 'sun/nio/fs/WindowsException'{0x00000000c4c91688}> (0x00000000c4c91688) 
thrown [s\src\hotspot\share\prims\jni.cpp, line 537]
Event: 47.899 Thread 0x000001ce629f8da0 Exception <a 'sun/nio/fs/WindowsException'{0x00000000c4c95918}> (0x00000000c4c95918) 
thrown [s\src\hotspot\share\prims\jni.cpp, line 537]
Event: 47.903 Thread 0x000001ce629f8080 Exception <a 'sun/nio/fs/WindowsException'{0x00000000c4977f28}> (0x00000000c4977f28) 
thrown [s\src\hotspot\share\prims\jni.cpp, line 537]
Event: 47.906 Thread 0x000001ce629ffd30 Exception <a 'sun/nio/fs/WindowsException'{0x00000000c4637420}> (0x00000000c4637420) 
thrown [s\src\hotspot\share\prims\jni.cpp, line 537]
Event: 47.908 Thread 0x000001ce629ffd30 Exception <a 'sun/nio/fs/WindowsException'{0x00000000c463d1a0}> (0x00000000c463d1a0) 
thrown [s\src\hotspot\share\prims\jni.cpp, line 537]
Event: 47.928 Thread 0x000001ce629fd5d0 Exception <a 'sun/nio/fs/WindowsException'{0x00000000c41cf4e0}> (0x00000000c41cf4e0) 
thrown [s\src\hotspot\share\prims\jni.cpp, line 537]
Event: 48.183 Thread 0x000001ce58fb5bc0 Exception <a 'sun/nio/fs/WindowsException'{0x00000000c32e6c48}> (0x00000000c32e6c48) 
thrown [s\src\hotspot\share\prims\jni.cpp, line 537]
Event: 48.224 Thread 0x000001ce629f8da0 Exception <a 'sun/nio/fs/WindowsException'{0x00000000c2b35128}> (0x00000000c2b35128) 
thrown [s\src\hotspot\share\prims\jni.cpp, line 537]
Event: 48.229 Thread 0x000001ce629f8080 Exception <a 'sun/nio/fs/WindowsException'{0x00000000c29ceb98}> (0x00000000c29ceb98) 
thrown [s\src\hotspot\share\prims\jni.cpp, line 537]
Event: 48.231 Thread 0x000001ce62a01770 Exception <a 'sun/nio/fs/WindowsException'{0x00000000c2818a78}> (0x00000000c2818a78) 
thrown [s\src\hotspot\share\prims\jni.cpp, line 537]

ZGC Phase Switch (0 events):
No events

VM Operations (20 events):
Event: 39.121 Executing VM operation: Cleanup
Event: 39.121 Executing VM operation: Cleanup done
Event: 41.147 Executing VM operation: Cleanup
Event: 41.147 Executing VM operation: Cleanup done
Event: 41.177 Executing VM operation: HandshakeAllThreads (Deoptimize)
Event: 41.178 Executing VM operation: HandshakeAllThreads (Deoptimize) done
Event: 41.239 Executing VM operation: HandshakeAllThreads (Deoptimize)
Event: 41.239 Executing VM operation: HandshakeAllThreads (Deoptimize) done
Event: 42.239 Executing VM operation: Cleanup
Event: 42.239 Executing VM operation: Cleanup done
Event: 45.240 Executing VM operation: Cleanup
Event: 45.240 Executing VM operation: Cleanup done
Event: 47.333 Executing VM operation: HandshakeAllThreads (Deoptimize)
Event: 47.334 Executing VM operation: HandshakeAllThreads (Deoptimize) done
Event: 47.334 Executing VM operation: Cleanup
Event: 47.334 Executing VM operation: Cleanup done
Event: 47.841 Executing VM operation: ICBufferFull
Event: 47.841 Executing VM operation: ICBufferFull done
Event: 47.897 Executing VM operation: ICBufferFull
Event: 47.898 Executing VM operation: ICBufferFull done

Memory protections (0 events):
No events

Nmethod flushes (20 events):
Event: 32.232 Thread 0x000001ce4f5934c0 flushing  nmethod 0x000001ce3ac80e10
Event: 32.232 Thread 0x000001ce4f5934c0 flushing  nmethod 0x000001ce3ad06790
Event: 32.232 Thread 0x000001ce4f5934c0 flushing  nmethod 0x000001ce3af34190
Event: 32.232 Thread 0x000001ce4f5934c0 flushing  nmethod 0x000001ce3afb4090
Event: 32.232 Thread 0x000001ce4f5934c0 flushing  nmethod 0x000001ce3b0ac310
Event: 32.232 Thread 0x000001ce4f5934c0 flushing  nmethod 0x000001ce3b0adc90
Event: 32.232 Thread 0x000001ce4f5934c0 flushing  nmethod 0x000001ce3b10a090
Event: 32.232 Thread 0x000001ce4f5934c0 flushing  nmethod 0x000001ce3b10ab90
Event: 32.232 Thread 0x000001ce4f5934c0 flushing  nmethod 0x000001ce3b404f10
Event: 32.232 Thread 0x000001ce4f5934c0 flushing  nmethod 0x000001ce3b405a10
Event: 32.232 Thread 0x000001ce4f5934c0 flushing  nmethod 0x000001ce3b407b10
Event: 32.232 Thread 0x000001ce4f5934c0 flushing  nmethod 0x000001ce3b409b90
Event: 32.232 Thread 0x000001ce4f5934c0 flushing  nmethod 0x000001ce3b5db790
Event: 32.232 Thread 0x000001ce4f5934c0 flushing  nmethod 0x000001ce3b5dee10
Event: 32.232 Thread 0x000001ce4f5934c0 flushing  nmethod 0x000001ce3baa2e90
Event: 32.232 Thread 0x000001ce4f5934c0 flushing  nmethod 0x000001ce3bbd1a90
Event: 32.232 Thread 0x000001ce4f5934c0 flushing  nmethod 0x000001ce3bbd2290
Event: 32.232 Thread 0x000001ce4f5934c0 flushing  nmethod 0x000001ce3bc4f910
Event: 32.232 Thread 0x000001ce4f5934c0 flushing  nmethod 0x000001ce3bc73d10
Event: 32.232 Thread 0x000001ce4f5934c0 flushing  nmethod 0x000001ce3c579c90

Events (20 events):
Event: 41.209 Thread 0x000001ce60292b40 Thread exited: 0x000001ce60292b40
Event: 41.209 Thread 0x000001ce60291da0 Thread exited: 0x000001ce60291da0
Event: 41.216 Thread 0x000001ce629fc220 Thread added: 0x000001ce6a8d96b0
Event: 41.219 Thread 0x000001ce629fc220 Thread added: 0x000001ce6a8d9d40
Event: 41.220 Loaded shared library C:\Program Files\Android\Android Studio\jbr\bin\rmi.dll
Event: 41.221 Thread 0x000001ce629fc220 Thread added: 0x000001ce6a8d68c0
Event: 41.285 Thread 0x000001ce629fc220 Thread added: 0x000001ce6a8dcb30
Event: 41.285 Thread 0x000001ce629fc220 Thread added: 0x000001ce6a8dd850
Event: 41.342 Thread 0x000001ce6a8dcb30 Thread added: 0x000001ce6a8dd1c0
Event: 41.631 Thread 0x000001ce6515ced0 Thread exited: 0x000001ce6515ced0
Event: 47.329 Thread 0x000001ce4f637240 Thread added: 0x000001ce61321f10
Event: 47.372 Thread 0x000001ce4f625ff0 Thread added: 0x000001ce6131e890
Event: 47.780 Thread 0x000001ce4f637240 Thread added: 0x000001ce613225e0
Event: 47.855 Thread 0x000001ce58fb5bc0 Thread added: 0x000001ce6a8ddee0
Event: 47.856 Thread 0x000001ce4f637240 Thread added: 0x000001ce61323380
Event: 47.862 Thread 0x000001ce4f637240 Thread added: 0x000001ce61323a50
Event: 47.862 Thread 0x000001ce4f637240 Thread added: 0x000001ce613203d0
Event: 47.862 Thread 0x000001ce4f637240 Thread added: 0x000001ce613247f0
Event: 47.862 Thread 0x000001ce4f637240 Thread added: 0x000001ce61324120
Event: 47.862 Thread 0x000001ce4f637240 Thread added: 0x000001ce61324ec0


Dynamic libraries:
0x00007ff7c51e0000 - 0x00007ff7c51ea000 	C:\Program Files\Android\Android Studio\jbr\bin\java.exe
0x00007ffa1f000000 - 0x00007ffa1f267000 	C:\WINDOWS\SYSTEM32\ntdll.dll
0x00007ffa1ceb0000 - 0x00007ffa1cf79000 	C:\WINDOWS\System32\KERNEL32.DLL
0x00007ffa1c290000 - 0x00007ffa1c67f000 	C:\WINDOWS\System32\KERNELBASE.dll
0x00007ffa18bc0000 - 0x00007ffa18c5f000 	C:\WINDOWS\SYSTEM32\apphelp.dll
0x00007ffa1c690000 - 0x00007ffa1c7db000 	C:\WINDOWS\System32\ucrtbase.dll
0x00007ffa066a0000 - 0x00007ffa066b8000 	C:\Program Files\Android\Android Studio\jbr\bin\jli.dll
0x00007ffa09260000 - 0x00007ffa0927b000 	C:\Program Files\Android\Android Studio\jbr\bin\VCRUNTIME140.dll
0x00007ffa1e9b0000 - 0x00007ffa1eb75000 	C:\WINDOWS\System32\USER32.dll
0x00007ffa1c7e0000 - 0x00007ffa1c807000 	C:\WINDOWS\System32\win32u.dll
0x00007ff9f8430000 - 0x00007ff9f86c3000 	C:\WINDOWS\WinSxS\amd64_microsoft.windows.common-controls_6595b64144ccf1df_6.0.26100.7309_none_3e05feeae336a044\COMCTL32.dll
0x00007ffa1d430000 - 0x00007ffa1d45b000 	C:\WINDOWS\System32\GDI32.dll
0x00007ffa1cda0000 - 0x00007ffa1ce49000 	C:\WINDOWS\System32\msvcrt.dll
0x00007ffa1caf0000 - 0x00007ffa1cc1c000 	C:\WINDOWS\System32\gdi32full.dll
0x00007ffa1c980000 - 0x00007ffa1ca23000 	C:\WINDOWS\System32\msvcp_win.dll
0x00007ffa1d250000 - 0x00007ffa1d281000 	C:\WINDOWS\System32\IMM32.DLL
0x00007ffa15c80000 - 0x00007ffa15c8c000 	C:\Program Files\Android\Android Studio\jbr\bin\vcruntime140_1.dll
0x00007ff9fd840000 - 0x00007ff9fd8cd000 	C:\Program Files\Android\Android Studio\jbr\bin\msvcp140.dll
0x00007ff97b530000 - 0x00007ff97c1c6000 	C:\Program Files\Android\Android Studio\jbr\bin\server\jvm.dll
0x00007ffa1d460000 - 0x00007ffa1d514000 	C:\WINDOWS\System32\ADVAPI32.dll
0x00007ffa1d080000 - 0x00007ffa1d126000 	C:\WINDOWS\System32\sechost.dll
0x00007ffa1d130000 - 0x00007ffa1d248000 	C:\WINDOWS\System32\RPCRT4.dll
0x00007ffa1e630000 - 0x00007ffa1e6a4000 	C:\WINDOWS\System32\WS2_32.dll
0x00007ffa1b9b0000 - 0x00007ffa1ba0e000 	C:\WINDOWS\SYSTEM32\POWRPROF.dll
0x00007ff9ee650000 - 0x00007ff9ee685000 	C:\WINDOWS\SYSTEM32\WINMM.dll
0x00007ffa0c720000 - 0x00007ffa0c72b000 	C:\WINDOWS\SYSTEM32\VERSION.dll
0x00007ffa1b990000 - 0x00007ffa1b9a4000 	C:\WINDOWS\SYSTEM32\UMPDC.dll
0x00007ffa1aec0000 - 0x00007ffa1aedb000 	C:\WINDOWS\SYSTEM32\kernel.appcore.dll
0x00007ffa11ff0000 - 0x00007ffa11ffa000 	C:\Program Files\Android\Android Studio\jbr\bin\jimage.dll
0x00007ffa19590000 - 0x00007ffa197d2000 	C:\WINDOWS\SYSTEM32\DBGHELP.DLL
0x00007ffa1ec20000 - 0x00007ffa1efa5000 	C:\WINDOWS\System32\combase.dll
0x00007ffa1d960000 - 0x00007ffa1da36000 	C:\WINDOWS\System32\OLEAUT32.dll
0x00007ffa092b0000 - 0x00007ffa092ec000 	C:\WINDOWS\SYSTEM32\dbgcore.DLL
0x00007ffa1c1e0000 - 0x00007ffa1c285000 	C:\WINDOWS\System32\bcryptPrimitives.dll
0x00007ffa05a00000 - 0x00007ffa05a0e000 	C:\Program Files\Android\Android Studio\jbr\bin\instrument.dll
0x00007ffa08b90000 - 0x00007ffa08bb0000 	C:\Program Files\Android\Android Studio\jbr\bin\java.dll
0x00007ffa08370000 - 0x00007ffa08388000 	C:\Program Files\Android\Android Studio\jbr\bin\zip.dll
0x00007ffa1da40000 - 0x00007ffa1e193000 	C:\WINDOWS\System32\SHELL32.dll
0x00007ffa1c810000 - 0x00007ffa1c97a000 	C:\WINDOWS\System32\wintypes.dll
0x00007ffa19bd0000 - 0x00007ffa1a42e000 	C:\WINDOWS\SYSTEM32\windows.storage.dll
0x00007ffa1cf80000 - 0x00007ffa1d075000 	C:\WINDOWS\System32\SHCORE.dll
0x00007ffa1e940000 - 0x00007ffa1e9a6000 	C:\WINDOWS\System32\shlwapi.dll
0x00007ffa1c070000 - 0x00007ffa1c099000 	C:\WINDOWS\SYSTEM32\profapi.dll
0x00007ffa11fa0000 - 0x00007ffa11fb0000 	C:\Program Files\Android\Android Studio\jbr\bin\net.dll
0x00007ffa13f30000 - 0x00007ffa14058000 	C:\WINDOWS\SYSTEM32\WINHTTP.dll
0x00007ffa1b410000 - 0x00007ffa1b47b000 	C:\WINDOWS\system32\mswsock.dll
0x00007ffa06b40000 - 0x00007ffa06b56000 	C:\Program Files\Android\Android Studio\jbr\bin\nio.dll
0x00007ffa08b80000 - 0x00007ffa08b90000 	C:\Program Files\Android\Android Studio\jbr\bin\verify.dll
0x00007ffa04a40000 - 0x00007ffa04a67000 	C:\Users\Omar\.gradle\native\1def1411415f61bf3af743bc5b6707747c0891f09f0c88961ee8f79bc544acac\windows-amd64\native-platform.dll
0x00007ff9fe460000 - 0x00007ff9fe4d8000 	C:\Users\Omar\.gradle\native\0.2.7\x86_64-windows-gnu\gradle-fileevents.dll
0x00007ffa09690000 - 0x00007ffa09699000 	C:\Program Files\Android\Android Studio\jbr\bin\management.dll
0x00007ffa095d0000 - 0x00007ffa095db000 	C:\Program Files\Android\Android Studio\jbr\bin\management_ext.dll
0x00007ffa1d320000 - 0x00007ffa1d328000 	C:\WINDOWS\System32\PSAPI.DLL
0x00007ffa1a900000 - 0x00007ffa1a934000 	C:\WINDOWS\SYSTEM32\IPHLPAPI.DLL
0x00007ffa1efb0000 - 0x00007ffa1efba000 	C:\WINDOWS\System32\NSI.dll
0x00007ffa09830000 - 0x00007ffa09839000 	C:\Program Files\Android\Android Studio\jbr\bin\extnet.dll
0x00007ffa1b800000 - 0x00007ffa1b81b000 	C:\WINDOWS\SYSTEM32\CRYPTSP.dll
0x00007ffa1ae20000 - 0x00007ffa1ae5a000 	C:\WINDOWS\system32\rsaenh.dll
0x00007ffa1b4c0000 - 0x00007ffa1b4eb000 	C:\WINDOWS\SYSTEM32\USERENV.dll
0x00007ffa1c040000 - 0x00007ffa1c06a000 	C:\WINDOWS\SYSTEM32\bcrypt.dll
0x00007ffa1b660000 - 0x00007ffa1b66c000 	C:\WINDOWS\SYSTEM32\CRYPTBASE.dll
0x00007ff963f60000 - 0x00007ff963f68000 	C:\WINDOWS\system32\wshunix.dll
0x00007ff9e27f0000 - 0x00007ff9e2808000 	C:\WINDOWS\system32\napinsp.dll
0x00007ffa1a9a0000 - 0x00007ffa1aacc000 	C:\WINDOWS\SYSTEM32\DNSAPI.dll
0x00007ff9e2620000 - 0x00007ff9e2632000 	C:\WINDOWS\System32\winrnr.dll
0x00007ff9e2510000 - 0x00007ff9e2532000 	C:\WINDOWS\system32\nlansp_c.dll
0x00007ffa14a70000 - 0x00007ffa14a86000 	C:\WINDOWS\system32\wshbth.dll
0x00007ffa102c0000 - 0x00007ffa102cb000 	C:\Windows\System32\rasadhlp.dll
0x00007ffa132c0000 - 0x00007ffa13346000 	C:\WINDOWS\System32\fwpuclnt.dll
0x00007ffa1afe0000 - 0x00007ffa1b016000 	C:\WINDOWS\SYSTEM32\ntmarta.dll
0x00007ffa059f0000 - 0x00007ffa059f7000 	C:\Program Files\Android\Android Studio\jbr\bin\rmi.dll

JVMTI agents:
C:\Users\Omar\.gradle\wrapper\dists\gradle-8.13-bin\5xuhj0ry160q40clulazy9h7d\gradle-8.13\lib\agents\gradle-instrumentation-agent-8.13.jar path:C:\Program Files\Android\Android Studio\jbr\bin\instrument.dll, loaded, initialized, instrumentlib options:none

dbghelp: loaded successfully - version: 4.0.5 - missing functions: none
symbol engine: initialized successfully - sym options: 0x614 - pdb path: .;C:\Program Files\Android\Android Studio\jbr\bin;C:\WINDOWS\SYSTEM32;C:\WINDOWS\WinSxS\amd64_microsoft.windows.common-controls_6595b64144ccf1df_6.0.26100.7309_none_3e05feeae336a044;C:\Program Files\Android\Android Studio\jbr\bin\server;C:\Users\Omar\.gradle\native\1def1411415f61bf3af743bc5b6707747c0891f09f0c88961ee8f79bc544acac\windows-amd64;C:\Users\Omar\.gradle\native\0.2.7\x86_64-windows-gnu

VM Arguments:
jvm_args: --add-opens=java.base/java.lang=ALL-UNNAMED --add-opens=java.base/java.lang.invoke=ALL-UNNAMED --add-opens=java.base/java.util=ALL-UNNAMED --add-opens=java.prefs/java.util.prefs=ALL-UNNAMED --add-exports=jdk.compiler/com.sun.tools.javac.api=ALL-UNNAMED --add-exports=jdk.compiler/com.sun.tools.javac.util=ALL-UNNAMED --add-opens=java.base/java.util=ALL-UNNAMED --add-opens=java.prefs/java.util.prefs=ALL-UNNAMED --add-opens=java.base/java.nio.charset=ALL-UNNAMED --add-opens=java.base/java.net=ALL-UNNAMED --add-opens=java.base/java.util.concurrent.atomic=ALL-UNNAMED --add-opens=java.xml/javax.xml.namespace=ALL-UNNAMED -Xmx2048m -Dfile.encoding=UTF-8 -Duser.country=MA -Duser.language=fr -Duser.variant -javaagent:C:\Users\Omar\.gradle\wrapper\dists\gradle-8.13-bin\5xuhj0ry160q40clulazy9h7d\gradle-8.13\lib\agents\gradle-instrumentation-agent-8.13.jar 
java_command: org.gradle.launcher.daemon.bootstrap.GradleDaemon 8.13
java_class_path (initial): C:\Users\Omar\.gradle\wrapper\dists\gradle-8.13-bin\5xuhj0ry160q40clulazy9h7d\gradle-8.13\lib\gradle-daemon-main-8.13.jar
Launcher Type: SUN_STANDARD

[Global flags]
     intx CICompilerCount                          = 12                                        {product} {ergonomic}
     uint ConcGCThreads                            = 3                                         {product} {ergonomic}
     uint G1ConcRefinementThreads                  = 13                                        {product} {ergonomic}
   size_t G1HeapRegionSize                         = 1048576                                   {product} {ergonomic}
    uintx GCDrainStackTargetSize                   = 64                                        {product} {ergonomic}
   size_t InitialHeapSize                          = 534773760                                 {product} {ergonomic}
   size_t MarkStackSize                            = 4194304                                   {product} {ergonomic}
   size_t MaxHeapSize                              = 2147483648                                {product} {command line}
   size_t MaxNewSize                               = 1287651328                                {product} {ergonomic}
   size_t MinHeapDeltaBytes                        = 1048576                                   {product} {ergonomic}
   size_t MinHeapSize                              = 8388608                                   {product} {ergonomic}
    uintx NonNMethodCodeHeapSize                   = 7602480                                {pd product} {ergonomic}
    uintx NonProfiledCodeHeapSize                  = 122027880                              {pd product} {ergonomic}
    uintx ProfiledCodeHeapSize                     = 122027880                              {pd product} {ergonomic}
    uintx ReservedCodeCacheSize                    = 251658240                              {pd product} {ergonomic}
     bool SegmentedCodeCache                       = true                                      {product} {ergonomic}
   size_t SoftMaxHeapSize                          = 2147483648                             {manageable} {ergonomic}
     bool UseCompressedOops                        = true                           {product lp64_product} {ergonomic}
     bool UseG1GC                                  = true                                      {product} {ergonomic}
     bool UseLargePagesIndividualAllocation        = false                                  {pd product} {ergonomic}

Logging:
Log output configuration:
 #0: stdout all=warning uptime,level,tags foldmultilines=false
 #1: stderr all=off uptime,level,tags foldmultilines=false

Environment Variables:
JAVA_HOME=C:\Program Files\Microsoft\jdk-25.0.0.36-hotspot\
PATH=C:\Program Files\Google\Chrome\Application;C:\Program Files\Microsoft\jdk-25.0.0.36-hotspot\bin;C:\Program Files\Java\jdk-21\bin;C:\Program Files\Common Files\Oracle\Java\javapath;D:\php-8.4.6;C:\WINDOWS\system32;C:\WINDOWS;C:\Program Files\PowerShell\7\;C:\WINDOWS\System32\Wbem;C:\WINDOWS\System32\WindowsPowerShell\v1.0\;C:\WINDOWS\System32\OpenSSH\;C:\Program Files\Microsoft VS Code\bin;C:\Program Files\nodejs\;C:\FPC\3.2.2\bin\i386-Win32;C:\Program Files\Git\cmd;C:\Program Files\PuTTY\;c:\Users\Omar\AppData\Local\Programs\cursor\resources\app\bin;C:\WINDOWS\system32;C:\WINDOWS;C:\WINDOWS\System32\Wbem;C:\WINDOWS\System32\WindowsPowerShell\v1.0\;C:\WINDOWS\System32\OpenSSH\;D:\scrcpy-win64-v3.3.3;C:\Program Files\PowerShell\7-preview\preview;C:\Users\Omar\Documents\Algo-compiler\build\libs;C:\Users\Omar\AppData\Local\Android\Sdk\platform-tools;C:\Users\Omar\AppData\Local\Programs\Python\Python312\Scripts\;C:\Users\Omar\AppData\Local\Programs\Python\Python312\;C:\Users\Omar\AppData\Local\Programs\Python\Launcher\;C:\Users\Omar\AppData\Local\Microsoft\WindowsApps;C:\msys64\ucrt64\bin;C:\Users\Omar\AppData\Local\Microsoft\WindowsApps\;C:\Users\Omar\AppData\Local\Microsoft\WinGet\Links;C:\Users\Omar\AppData\Roaming\npm;C:\Program Files\Vim\vim91\;C:\FPC\3.2.2\bin\i386-win32;C:\Users\Omar\AppData\Local\Programs\MiKTeX\miktex\bin\x64\;C:\Program Files\JetBrains\IntelliJ IDEA Community Edition 2024.2.1\bin;C:\kotlinc\bin;C:\xampp\php;C:\xampp\mysql\bin;C:\Users\Omar\AppData\Local\Android\Sdk\build-tools;C:\Users\Omar\AppData\Local\Programs\cursor\resources\app\bin;C:\Users\Omar\AppData\Local\Android\Sdk\emulator;C:\Users\Omar\AppData\Local\Android\Sdk\cmdline-tools\latest\bin;C:\Program Files\Android\Android Studio\bin\;C:\Users\Omar\.gradle\wrapper\dists\gradle-8.10.2-bin\a04bxjujx95o3nb99gddekhwo\gradle-8.10.2\bin;C:\Users\Omar\AppData\Local\Android\Sdk\cmdline-tools\bin;C:\kotlin-server\bin;C:\Program Files\JetBrains\IntelliJ IDEA 2024.3.5\bin;;C:\Users\Omar\AppData\Local\JetBrains\Toolbox\scripts;C:\Users\Omar\AppData\Local\Microsoft\WindowsApps;
USERNAME=Omar
OS=Windows_NT
PROCESSOR_IDENTIFIER=Intel64 Family 6 Model 158 Stepping 13, GenuineIntel
TMP=C:\Users\Omar\AppData\Local\Temp
TEMP=C:\Users\Omar\AppData\Local\Temp




Periodic native trim disabled

JNI global refs:
JNI global refs: 44, weak refs: 130

JNI global refs memory usage: 835, weak refs: 2097

Process memory usage:
Resident Set Size: 2051040K (6% of 33356232K total physical memory with 10717260K free physical memory)

OOME stack traces (most recent first):
Classloader memory used:
Loader org.gradle.internal.classloader.VisitableURLClassLoader$InstrumentingVisitableURLClassLoader: 64781K
Loader org.gradle.internal.classloader.VisitableURLClassLoader                         : 47811K
Loader bootstrap                                                                       : 32572K
Loader org.gradle.initialization.MixInLegacyTypesClassLoader                           : 13467K
Loader java.net.URLClassLoader                                                         : 5312K
Loader jdk.internal.reflect.DelegatingClassLoader                                      : 707K
Loader jdk.internal.loader.ClassLoaders$PlatformClassLoader                            : 580K
Loader jdk.internal.loader.ClassLoaders$AppClassLoader                                 : 235K
Loader org.gradle.internal.classloader.VisitableURLClassLoader                         : 219K
Loader org.gradle.groovy.scripts.internal.DefaultScriptCompilationHandler$ScriptClassLoader: 135K
Loader org.codehaus.groovy.runtime.callsite.CallSiteClassLoader                        : 27480B
Loader sun.reflect.misc.MethodUtil                                                     : 2984B

Classes loaded by more than one classloader:
Class Program                                                                         : loaded 5 times (x 72B)
Class Build_gradle                                                                    : loaded 3 times (x 130B)
Class Build_gradle$1                                                                  : loaded 3 times (x 74B)
Class com.google.common.base.Equivalence$Identity                                     : loaded 2 times (x 82B)
Class com.google.common.collect.RegularImmutableMap$KeySet                            : loaded 2 times (x 152B)
Class ijJvmDebugger2_6swuzrcz8pwjgtjq1a8ekzu3n$_run_closure1$_closure2                : loaded 2 times (x 140B)
Class org.gradle.internal.classloader.FilteringClassLoader                            : loaded 2 times (x 105B)
Class kotlin.jvm.internal.CollectionToArray                                           : loaded 2 times (x 71B)
Class kotlin.io.FilesKt__FileTreeWalkKt                                               : loaded 2 times (x 71B)
Class kotlin.sequences.FilteringSequence$iterator$1                                   : loaded 2 times (x 79B)
Class kotlin.sequences.SequencesKt__SequenceBuilderKt                                 : loaded 2 times (x 71B)
Class kotlin.collections.CollectionsKt__ReversedViewsKt                               : loaded 2 times (x 71B)
Class [Lcom.google.common.collect.MapMakerInternalMap$Segment;                        : loaded 2 times (x 69B)
Class [Lcom.google.common.base.AbstractIterator$State;                                : loaded 2 times (x 69B)
Class com.google.common.base.CharMatcher$IsEither                                     : loaded 2 times (x 111B)
Class ijJvmDebugger2_6swuzrcz8pwjgtjq1a8ekzu3n                                        : loaded 2 times (x 179B)
Class org.gradle.internal.classloader.ClassLoaderHierarchy                            : loaded 2 times (x 70B)
Class com.google.common.collect.ImmutableEnumSet                                      : loaded 2 times (x 146B)
Class com.google.common.util.concurrent.ExecutionError                                : loaded 2 times (x 82B)
Class com.google.common.collect.ImmutableList$1                                       : loaded 2 times (x 97B)
Class org.gradle.api.internal.classpath.ManifestUtil                                  : loaded 2 times (x 71B)
Class com.google.common.io.ByteArrayDataOutput                                        : loaded 2 times (x 70B)
Class com.google.common.collect.RegularImmutableMap                                   : loaded 2 times (x 121B)
Class com.google.common.collect.ImmutableMap$MapViewOfValuesAsSingletonSets           : loaded 2 times (x 126B)
Class ijKotlinCoroutineJvmDebugInit2_b2xpq2jc3eg86hwpcv7cz6jib                        : loaded 2 times (x 179B)
Class com.google.common.reflect.TypeCapture                                           : loaded 2 times (x 71B)
Class [Lorg.objectweb.asm.Symbol;                                                     : loaded 2 times (x 69B)
Class org.objectweb.asm.ClassVisitor                                                  : loaded 2 times (x 88B)
Class com.google.common.collect.UnmodifiableListIterator                              : loaded 2 times (x 95B)
Class org.jetbrains.kotlin.name.FqNameUnsafe$1                                        : loaded 2 times (x 74B)
Class com.google.common.collect.MapMakerInternalMap$StrongKeyDummyValueEntry$LinkedStrongKeyDummyValueEntry: loaded 2 times (x 82B)
Class com.google.common.collect.MapMakerInternalMap$Strength                          : loaded 2 times (x 80B)
Class com.google.common.base.Platform$JdkPatternCompiler                              : loaded 2 times (x 75B)
Class org.objectweb.asm.MethodTooLargeException                                       : loaded 2 times (x 83B)
Class [Lcom.google.common.cache.CacheBuilder$OneWeigher;                              : loaded 2 times (x 69B)
Class com.google.common.base.Suppliers                                                : loaded 2 times (x 71B)
Class org.gradle.internal.classloader.DefaultClassLoaderFactory                       : loaded 2 times (x 82B)
Class kotlin.sequences.SequencesKt___SequencesKt                                      : loaded 2 times (x 71B)
Class kotlin.collections.AbstractList$Companion                                       : loaded 2 times (x 71B)
Class com.google.common.io.ByteSource$ConcatenatedByteSource                          : loaded 2 times (x 85B)
Class [Lcom.google.common.collect.AbstractIterator$State;                             : loaded 2 times (x 69B)
Class com.google.common.base.CharMatcher$None                                         : loaded 2 times (x 112B)
Class org.apache.commons.io.file.PathUtils                                            : loaded 2 times (x 71B)
Class org.gradle.internal.classloader.ClassLoaderVisitor                              : loaded 2 times (x 76B)
Class [Lcom.google.common.collect.ImmutableMapEntry;                                  : loaded 2 times (x 69B)
Class org.gradle.api.internal.classpath.EffectiveClassPath                            : loaded 2 times (x 90B)
Class kotlin.text.StringsKt__AppendableKt                                             : loaded 2 times (x 71B)
Class [Lorg.apache.commons.io.StandardLineSeparator;                                  : loaded 2 times (x 69B)
Class org.apache.commons.io.output.StringBuilderWriter                                : loaded 2 times (x 100B)
Class com.google.common.collect.ImmutableRangeSet                                     : loaded 2 times (x 115B)
Class com.google.common.collect.ListMultimap                                          : loaded 2 times (x 70B)
Class com.google.common.collect.ImmutableEnumMap                                      : loaded 2 times (x 126B)
Class [Lkotlin.reflect.KCallable;                                                     : loaded 2 times (x 69B)
Class com.google.common.collect.ImmutableSet$SerializedForm                           : loaded 2 times (x 73B)
Class com.google.common.collect.Iterators$EmptyModifiableIterator                     : loaded 2 times (x 86B)
Class com.google.common.base.Splitter                                                 : loaded 2 times (x 72B)
Class com.google.common.collect.Sets$1                                                : loaded 2 times (x 139B)
Class org.objectweb.asm.AnnotationVisitor                                             : loaded 2 times (x 78B)
Class org.gradle.api.internal.DefaultClassPathProvider                                : loaded 2 times (x 76B)
Class kotlin.sequences.Sequence                                                       : loaded 2 times (x 70B)
Class kotlin.text.StringsKt__StringNumberConversionsJVMKt                             : loaded 2 times (x 71B)
Class com.google.common.collect.Maps$ViewCachingAbstractMap                           : loaded 2 times (x 125B)
Class com.google.common.collect.MapMakerInternalMap$Strength$1                        : loaded 2 times (x 80B)
Class com.google.common.collect.Sets$2                                                : loaded 2 times (x 139B)
Class [Lorg.gradle.api.internal.ClassPathProvider;                                    : loaded 2 times (x 69B)
Class org.gradle.api.internal.ClassPathProvider                                       : loaded 2 times (x 70B)
Class com.google.common.collect.MapMakerInternalMap$Strength$2                        : loaded 2 times (x 80B)
Class com.google.common.base.AbstractIterator$State                                   : loaded 2 times (x 79B)
Class com.google.common.reflect.Types$ClassOwnership$1                                : loaded 2 times (x 80B)
Class [Lorg.objectweb.asm.AnnotationVisitor;                                          : loaded 2 times (x 69B)
Class com.google.common.collect.Sets$3                                                : loaded 2 times (x 139B)
Class com.google.common.util.concurrent.AbstractFuture$SafeAtomicHelper               : loaded 2 times (x 79B)
Class com.google.common.cache.LocalCache$LocalLoadingCache                            : loaded 2 times (x 134B)
Class org.gradle.internal.service.UnknownServiceException                             : loaded 2 times (x 83B)
Class com.google.common.collect.MapMakerInternalMap$StrongValueEntry                  : loaded 2 times (x 70B)
Class com.google.common.reflect.Types$ClassOwnership$2                                : loaded 2 times (x 80B)
Class com.google.common.reflect.TypeResolver                                          : loaded 2 times (x 72B)
Class com.google.common.io.ByteArrayDataInput                                         : loaded 2 times (x 70B)
Class com.google.common.collect.Sets$4                                                : loaded 2 times (x 139B)
Class org.objectweb.asm.ModuleVisitor                                                 : loaded 2 times (x 81B)
Class com.google.common.cache.LocalCache$Strength$1                                   : loaded 2 times (x 81B)
Class org.apache.commons.io.output.QueueOutputStream                                  : loaded 2 times (x 87B)
Class com.google.common.reflect.Types$ClassOwnership$3                                : loaded 2 times (x 71B)
Class com.google.common.util.concurrent.SettableFuture                                : loaded 2 times (x 114B)
Class com.google.common.cache.LocalCache$Strength$2                                   : loaded 2 times (x 81B)
Class kotlin.collections.ArraysKt___ArraysJvmKt                                       : loaded 2 times (x 71B)
Class kotlin.collections.CollectionsKt__CollectionsKt                                 : loaded 2 times (x 71B)
Class kotlin.text.StringsKt__RegexExtensionsJVMKt                                     : loaded 2 times (x 71B)
Class com.google.common.collect.Interners$InternerImpl                                : loaded 2 times (x 75B)
Class com.google.common.collect.Interner                                              : loaded 2 times (x 70B)
Class com.google.common.base.Splitter$1                                               : loaded 2 times (x 77B)
Class com.google.common.io.ByteStreams                                                : loaded 2 times (x 71B)
Class com.google.common.cache.LocalCache$Strength$3                                   : loaded 2 times (x 81B)
Class com.google.common.collect.MapDifference                                         : loaded 2 times (x 70B)
Class kotlin._Assertions                                                              : loaded 2 times (x 71B)
Class com.google.common.collect.MapMaker$Dummy                                        : loaded 2 times (x 79B)
Class com.google.common.reflect.Invokable                                             : loaded 2 times (x 103B)
Class org.objectweb.asm.FieldWriter                                                   : loaded 2 times (x 78B)
Class com.google.common.cache.CacheBuilder$NullListener                               : loaded 2 times (x 82B)
Class org.gradle.internal.classpath.TransformedClassPath                              : loaded 2 times (x 96B)
Class org.gradle.internal.classloader.InstrumentingClassLoader                        : loaded 2 times (x 70B)
Class kotlin.jvm.internal.FunctionReference                                           : loaded 2 times (x 122B)
Class kotlin.jvm.internal.FunctionBase                                                : loaded 2 times (x 70B)
Class kotlin.enums.EnumEntriesList                                                    : loaded 2 times (x 223B)
Class org.apache.commons.io.output.UnsynchronizedByteArrayOutputStream                : loaded 2 times (x 102B)
Class com.google.common.reflect.Types$ParameterizedTypeImpl                           : loaded 2 times (x 81B)
Class com.google.common.collect.ImmutableRangeSet$AsSet                               : loaded 2 times (x 300B)
Class com.google.common.cache.CacheLoader$FunctionToCacheLoader                       : loaded 2 times (x 75B)
Class com.google.common.collect.Iterators$ArrayItr                                    : loaded 2 times (x 97B)
Class com.google.common.collect.ImmutableCollection$Builder                           : loaded 2 times (x 76B)
Class kotlin.comparisons.ComparisonsKt___ComparisonsJvmKt                             : loaded 2 times (x 71B)
Class kotlin.collections.CollectionsKt__IteratorsJVMKt                                : loaded 2 times (x 71B)
Class org.apache.commons.io.output.ByteArrayOutputStream                              : loaded 2 times (x 102B)
Class com.google.common.reflect.TypeResolver$TypeVariableKey                          : loaded 2 times (x 72B)
Class com.google.common.base.Joiner                                                   : loaded 2 times (x 79B)
Class com.google.common.base.MoreObjects                                              : loaded 2 times (x 71B)
Class org.jetbrains.kotlin.build.report.metrics.GradleBuildTime                       : loaded 2 times (x 86B)
Class com.google.common.collect.Platform                                              : loaded 2 times (x 71B)
Class [Lorg.objectweb.asm.Type;                                                       : loaded 2 times (x 69B)
Class com.google.common.collect.UnmodifiableIterator                                  : loaded 2 times (x 80B)
Class ijJvmDebugger2_6swuzrcz8pwjgtjq1a8ekzu3n$_run_closure1                          : loaded 2 times (x 139B)
Class org.gradle.internal.service.ServiceLocator                                      : loaded 2 times (x 70B)
Class kotlin.Pair                                                                     : loaded 2 times (x 72B)
Class [Lkotlin.Function;                                                              : loaded 2 times (x 69B)
Class org.apache.commons.io.FileExistsException                                       : loaded 2 times (x 82B)
Class com.google.common.base.Ascii                                                    : loaded 2 times (x 71B)
Class com.google.common.collect.SingletonImmutableBiMap                               : loaded 2 times (x 143B)
Class com.google.common.cache.LocalCache$1                                            : loaded 2 times (x 89B)
Class com.google.common.collect.AbstractMapEntry                                      : loaded 2 times (x 81B)
Class kotlin.collections.CollectionsKt___CollectionsKt$withIndex$1                    : loaded 2 times (x 79B)
Class kotlin.io.CloseableKt                                                           : loaded 2 times (x 71B)
Class kotlin.collections.CollectionsKt__MutableCollectionsKt                          : loaded 2 times (x 71B)
Class com.google.common.io.ByteSource$ByteArrayByteSource                             : loaded 2 times (x 85B)
Class com.google.common.collect.MapMakerInternalMap$AbstractStrongKeyEntry            : loaded 2 times (x 80B)
Class com.google.common.reflect.TypeToken$SimpleTypeToken                             : loaded 2 times (x 73B)
Class com.google.common.collect.Sets$ImprovedAbstractSet                              : loaded 2 times (x 135B)
Class com.google.common.collect.ImmutableList$Builder                                 : loaded 2 times (x 77B)
Class com.google.common.collect.AbstractMultimap                                      : loaded 2 times (x 123B)
Class com.google.common.cache.LocalCache$2                                            : loaded 2 times (x 142B)
Class kotlin.reflect.KCallable                                                        : loaded 2 times (x 70B)
Class kotlin.io.TerminateException                                                    : loaded 2 times (x 82B)
Class kotlin.io.FilesKt__FilePathComponentsKt                                         : loaded 2 times (x 71B)
Class com.google.common.collect.ImmutableRangeSet$1                                   : loaded 2 times (x 210B)
Class com.google.common.util.concurrent.AbstractFuture$UnsafeAtomicHelper$1           : loaded 2 times (x 76B)
Class com.google.common.collect.RegularImmutableAsList                                : loaded 2 times (x 217B)
Class com.google.common.base.Optional                                                 : loaded 2 times (x 80B)
Class com.google.common.collect.Range                                                 : loaded 2 times (x 87B)
Class com.google.common.util.concurrent.AbstractFuture$Trusted                        : loaded 2 times (x 70B)
Class com.google.common.collect.Iterators                                             : loaded 2 times (x 71B)
Class [Lorg.jetbrains.kotlin.build.report.metrics.BuildTime;                          : loaded 2 times (x 69B)
Class com.google.common.collect.Lists$StringAsImmutableList                           : loaded 2 times (x 207B)
Class com.google.common.util.concurrent.UncheckedExecutionException                   : loaded 2 times (x 82B)
Class org.gradle.kotlin.dsl.VersionCatalogAccessorsKt                                 : loaded 2 times (x 71B)
Class org.gradle.internal.InternalTransformer                                         : loaded 2 times (x 70B)
Class kotlin.collections.EmptyList                                                    : loaded 2 times (x 174B)
Class kotlin.collections.MapsKt__MapsJVMKt                                            : loaded 2 times (x 71B)
Class com.google.common.collect.AbstractMapBasedMultimap$KeySet$1                     : loaded 2 times (x 82B)
Class org.objectweb.asm.ClassWriter                                                   : loaded 2 times (x 106B)
Class com.google.common.base.CharMatcher$And                                          : loaded 2 times (x 112B)
Class com.google.common.cache.CacheLoader$UnsupportedLoadingOperationException        : loaded 2 times (x 82B)
Class org.gradle.internal.classloader.ClasspathUtil$1                                 : loaded 2 times (x 76B)
Class com.google.common.collect.FluentIterable$1                                      : loaded 2 times (x 81B)
Class com.google.common.base.Objects                                                  : loaded 2 times (x 71B)
Class org.objectweb.asm.FieldVisitor                                                  : loaded 2 times (x 77B)
Class com.google.common.collect.IndexedImmutableSet                                   : loaded 2 times (x 152B)
Class com.google.common.collect.ImmutableMap$1                                        : loaded 2 times (x 81B)
Class com.google.common.collect.BiMap                                                 : loaded 2 times (x 70B)
Class org.gradle.api.internal.classpath.DefaultModuleRegistry$DefaultModule           : loaded 2 times (x 86B)
Class org.jetbrains.kotlin.name.ClassId                                               : loaded 2 times (x 72B)
Class com.google.common.base.Absent                                                   : loaded 2 times (x 80B)
Class com.google.common.base.PairwiseEquivalence                                      : loaded 2 times (x 83B)
Class com.google.common.reflect.Reflection                                            : loaded 2 times (x 71B)
Class com.google.common.primitives.Ints                                               : loaded 2 times (x 71B)
Class com.google.common.collect.AbstractIterator                                      : loaded 2 times (x 82B)
Class kotlin.collections.IndexingIterable                                             : loaded 2 times (x 79B)
Class kotlin.collections.ArraysKt__ArraysKt                                           : loaded 2 times (x 71B)
Class com.google.common.collect.FluentIterable$3                                      : loaded 2 times (x 81B)
Class com.google.common.collect.ObjectArrays                                          : loaded 2 times (x 71B)
Class com.google.common.collect.Multiset                                              : loaded 2 times (x 70B)
Class com.google.common.collect.ArrayListMultimapGwtSerializationDependencies         : loaded 2 times (x 172B)
Class com.google.common.collect.AbstractIndexedListIterator                           : loaded 2 times (x 96B)
Class com.google.common.math.MathPreconditions                                        : loaded 2 times (x 71B)
Class kotlin.collections.SetsKt__SetsJVMKt                                            : loaded 2 times (x 71B)
Class kotlin.Function                                                                 : loaded 2 times (x 70B)
Class org.apache.commons.io.output.NullOutputStream                                   : loaded 2 times (x 85B)
Class com.google.common.collect.ImmutableMapEntrySet                                  : loaded 2 times (x 152B)
Class org.gradle.api.internal.classpath.Module                                        : loaded 2 times (x 70B)
Class kotlin.internal.ProgressionUtilKt                                               : loaded 2 times (x 71B)
Class kotlin.io.FileAlreadyExistsException                                            : loaded 2 times (x 82B)
Class com.google.common.cache.Weigher                                                 : loaded 2 times (x 70B)
Class org.gradle.api.internal.classpath.UnknownModuleException                        : loaded 2 times (x 82B)
Class com.google.common.base.Stopwatch                                                : loaded 2 times (x 72B)
Class com.google.common.cache.LocalCache$Strength                                     : loaded 2 times (x 81B)
Class com.google.common.cache.Cache                                                   : loaded 2 times (x 70B)
Class kotlin.collections.IndexingIterator                                             : loaded 2 times (x 79B)
Class org.jetbrains.kotlin.build.report.metrics.BuildMetricsReporter                  : loaded 2 times (x 70B)
Class org.apache.commons.io.filefilter.IOFileFilter                                   : loaded 2 times (x 70B)
Class com.google.common.io.Files$2                                                    : loaded 2 times (x 76B)
Class com.google.common.base.NullnessCasts                                            : loaded 2 times (x 71B)
Class com.google.common.util.concurrent.AbstractFuture$Cancellation                   : loaded 2 times (x 72B)
Class com.google.common.collect.ImmutableMap$Builder                                  : loaded 2 times (x 82B)
Class [Lkotlin.reflect.KAnnotatedElement;                                             : loaded 2 times (x 69B)
Class kotlin.io.ByteStreamsKt                                                         : loaded 2 times (x 71B)
Class com.google.common.base.Present                                                  : loaded 2 times (x 81B)
Class com.google.common.cache.RemovalListener                                         : loaded 2 times (x 70B)
Class org.gradle.api.internal.DefaultClassPathRegistry                                : loaded 2 times (x 76B)
Class org.apache.commons.io.file.DeleteOption                                         : loaded 2 times (x 70B)
Class com.google.common.reflect.Invokable$ConstructorInvokable                        : loaded 2 times (x 107B)
Class com.google.common.primitives.IntsMethodsForWeb                                  : loaded 2 times (x 71B)
Class com.google.common.collect.Multimap                                              : loaded 2 times (x 70B)
Class org.gradle.api.internal.ClassPathRegistry                                       : loaded 2 times (x 70B)
Class org.gradle.internal.classpath.DefaultClassPath$ImmutableUniqueList              : loaded 2 times (x 199B)
Class kotlin.text.StringsKt__StringsJVMKt                                             : loaded 2 times (x 71B)
Class com.google.common.collect.NullnessCasts                                         : loaded 2 times (x 71B)
Class com.google.common.collect.MapMakerInternalMap$Segment                           : loaded 2 times (x 142B)
Class org.apache.commons.io.IOUtils                                                   : loaded 2 times (x 71B)
Class com.google.common.reflect.TypeToken                                             : loaded 2 times (x 73B)
Class com.google.common.base.ExtraObjectsMethodsForWeb                                : loaded 2 times (x 71B)
Class kotlin.collections.SetsKt                                                       : loaded 2 times (x 71B)
Class kotlin.text.StringsKt__IndentKt                                                 : loaded 2 times (x 71B)
Class kotlin.text.StringsKt__StringsKt                                                : loaded 2 times (x 71B)
Class com.google.common.io.ByteSink                                                   : loaded 2 times (x 76B)
Class com.google.common.cache.CacheBuilder                                            : loaded 2 times (x 72B)
Class com.google.common.collect.SingletonImmutableList                                : loaded 2 times (x 207B)
Class Settings_gradle$1                                                               : loaded 2 times (x 74B)
Class org.gradle.internal.classpath.ClassPath                                         : loaded 2 times (x 70B)
Class org.gradle.api.UncheckedIOException                                             : loaded 2 times (x 82B)
Class kotlin.reflect.KFunction                                                        : loaded 2 times (x 70B)
Class kotlin.sequences.SequencesKt__SequencesKt$asSequence$$inlined$Sequence$1        : loaded 2 times (x 75B)
Class com.google.common.collect.Interners$InternerBuilder                             : loaded 2 times (x 76B)
Class com.google.common.io.Files$FileByteSource                                       : loaded 2 times (x 85B)
Class [Lcom.google.common.reflect.Types$JavaVersion;                                  : loaded 2 times (x 69B)
Class com.google.common.base.JdkPattern                                               : loaded 2 times (x 75B)
Class com.google.common.collect.ImmutableList$ReverseImmutableList                    : loaded 2 times (x 209B)
Class kotlin.jvm.internal.Lambda                                                      : loaded 2 times (x 75B)
Class kotlin.collections.MapsKt__MapsKt                                               : loaded 2 times (x 71B)
Class org.objectweb.asm.SymbolTable$Entry                                             : loaded 2 times (x 74B)
Class com.google.common.util.concurrent.AbstractFuture$AtomicHelper                   : loaded 2 times (x 78B)
Class org.objectweb.asm.Edge                                                          : loaded 2 times (x 72B)
Class com.google.common.base.Suppliers$SupplierOfInstance                             : loaded 2 times (x 79B)
Class com.google.common.collect.Iterators$1                                           : loaded 2 times (x 81B)
Class kotlin.UninitializedPropertyAccessException                                     : loaded 2 times (x 82B)
Class com.google.common.reflect.TypeToken$1                                           : loaded 2 times (x 110B)
Class com.google.common.cache.LocalCache$ComputingValueReference                      : loaded 2 times (x 96B)
Class com.google.common.collect.SingletonImmutableSet                                 : loaded 2 times (x 146B)
Class com.google.common.collect.ImmutableMap$IteratorBasedImmutableMap                : loaded 2 times (x 126B)
Class com.google.common.reflect.TypeToken$2                                           : loaded 2 times (x 110B)
Class com.google.common.cache.LocalCache$Segment                                      : loaded 2 times (x 154B)
Class com.google.common.collect.SortedIterable                                        : loaded 2 times (x 70B)
Class com.google.common.collect.AbstractListMultimap                                  : loaded 2 times (x 172B)
Class [Lorg.objectweb.asm.SymbolTable$Entry;                                          : loaded 2 times (x 69B)
Class com.google.common.cache.CacheLoader                                             : loaded 2 times (x 74B)
Class com.google.common.collect.Iterators$4                                           : loaded 2 times (x 82B)
Class com.google.common.collect.ImmutableBiMap                                        : loaded 2 times (x 143B)
Class org.gradle.internal.installation.GradleInstallation$1                           : loaded 2 times (x 75B)
Class org.gradle.api.internal.classpath.ModuleRegistry                                : loaded 2 times (x 70B)
Class com.google.common.base.Splitter$SplittingIterator                               : loaded 2 times (x 84B)
Class org.apache.commons.io.output.NullWriter                                         : loaded 2 times (x 99B)
Class com.google.common.util.concurrent.internal.InternalFutureFailureAccess          : loaded 2 times (x 72B)
Class com.google.common.collect.Iterators$5                                           : loaded 2 times (x 82B)
Class com.google.common.collect.ImmutableSet$JdkBackedSetBuilderImpl                  : loaded 2 times (x 76B)
Class org.jetbrains.kotlin.name.FqNameUnsafe                                          : loaded 2 times (x 72B)
Class com.google.common.util.concurrent.AbstractFuture$UnsafeAtomicHelper             : loaded 2 times (x 78B)
Class com.google.common.base.CharMatcher$ForPredicate                                 : loaded 2 times (x 112B)
Class com.google.common.cache.LocalCache$LocalManualCache$1                           : loaded 2 times (x 75B)
Class kotlin.io.FilesKt__UtilsKt                                                      : loaded 2 times (x 71B)
Class kotlin.collections.CollectionsKt__CollectionsJVMKt                              : loaded 2 times (x 71B)
Class com.google.common.base.CharMatcher$AnyOf                                        : loaded 2 times (x 112B)
Class com.google.common.collect.ImmutableCollection                                   : loaded 2 times (x 125B)
Class org.gradle.api.internal.classpath.DefaultModuleRegistry                         : loaded 2 times (x 86B)
Class kotlin.collections.IndexedValue                                                 : loaded 2 times (x 72B)
Class kotlin.sequences.SequencesKt                                                    : loaded 2 times (x 71B)
Class kotlin.collections.CollectionsKt__IteratorsKt                                   : loaded 2 times (x 71B)
Class org.jetbrains.kotlin.build.report.metrics.GradleBuildTime$Companion             : loaded 2 times (x 71B)
Class com.google.common.collect.Lists                                                 : loaded 2 times (x 71B)
Class com.google.common.util.concurrent.ListenableFuture                              : loaded 2 times (x 70B)
Class com.google.common.cache.ReferenceEntry                                          : loaded 2 times (x 70B)
Class com.google.common.base.Converter                                                : loaded 2 times (x 90B)
Class com.google.common.collect.ImmutableSet$CachingAsList                            : loaded 2 times (x 148B)
Class kotlin.text.StringsKt                                                           : loaded 2 times (x 71B)
Class com.google.common.collect.AbstractMapBasedMultimap                              : loaded 2 times (x 139B)
Class com.google.common.util.concurrent.AbstractFuture                                : loaded 2 times (x 106B)
Class com.google.common.base.FunctionalEquivalence                                    : loaded 2 times (x 83B)
Class com.google.common.collect.Iterators$9                                           : loaded 2 times (x 81B)
Class com.google.common.collect.ImmutableAsList                                       : loaded 2 times (x 209B)
Class kotlin.LazyKt__LazyJVMKt                                                        : loaded 2 times (x 71B)
Class com.google.common.reflect.TypeResolver$TypeTable                                : loaded 2 times (x 73B)
Class org.objectweb.asm.RecordComponentVisitor                                        : loaded 2 times (x 77B)
Class com.google.common.cache.CacheLoader$SupplierToCacheLoader                       : loaded 2 times (x 75B)
Class kotlin.io.FilesKt__FileReadWriteKt                                              : loaded 2 times (x 71B)
Class kotlin.text.StringsKt__StringNumberConversionsKt                                : loaded 2 times (x 71B)
Class com.google.common.reflect.TypeResolver$TypeTable$1                              : loaded 2 times (x 73B)
Class com.google.common.collect.Maps$EntryTransformer                                 : loaded 2 times (x 70B)
Class org.gradle.internal.service.ServiceLookupException                              : loaded 2 times (x 82B)
Class com.google.common.collect.ImmutableSortedSet                                    : loaded 2 times (x 300B)
Class [Lcom.google.common.cache.LocalCache$EntryFactory;                              : loaded 2 times (x 69B)
Class org.gradle.internal.classloader.ClassLoaderFactory                              : loaded 2 times (x 70B)
Class org.apache.commons.io.CloseableURLConnection                                    : loaded 2 times (x 116B)
Class com.google.common.base.CommonPattern                                            : loaded 2 times (x 74B)
Class com.google.common.base.CharMatcher$IsNot                                        : loaded 2 times (x 111B)
Class com.google.common.cache.LocalCache$LocalManualCache                             : loaded 2 times (x 99B)
Class org.gradle.internal.service.CachingServiceLocator                               : loaded 2 times (x 82B)
Class kotlin.jvm.internal.CallableReference                                           : loaded 2 times (x 106B)
Class com.google.common.collect.AbstractMapBasedMultimap$KeySet                       : loaded 2 times (x 137B)
Class com.google.common.collect.RegularImmutableSortedSet                             : loaded 2 times (x 300B)
Class com.google.common.math.IntMath                                                  : loaded 2 times (x 71B)
Class org.jetbrains.kotlin.build.report.metrics.BuildTime                             : loaded 2 times (x 70B)
Class com.google.common.collect.MapMakerInternalMap$InternalEntry                     : loaded 2 times (x 70B)
Class com.google.common.reflect.Types$TypeVariableInvocationHandler                   : loaded 2 times (x 75B)
Class com.google.common.collect.ImmutableMapEntry                                     : loaded 2 times (x 85B)
Class org.jetbrains.kotlin.name.FqName                                                : loaded 2 times (x 72B)
Class kotlin.enums.EnumEntries                                                        : loaded 2 times (x 70B)
Class org.jetbrains.kotlin.build.report.metrics.DoNothingBuildMetricsReporter         : loaded 2 times (x 86B)
Class com.google.common.base.Equivalence                                              : loaded 2 times (x 82B)
Class com.google.common.base.Function                                                 : loaded 2 times (x 70B)
Class com.google.common.collect.ImmutableMapEntry$NonTerminalImmutableMapEntry        : loaded 2 times (x 85B)
Class org.jetbrains.kotlin.name.ClassId$Companion                                     : loaded 2 times (x 71B)
Class org.apache.commons.io.output.AbstractByteArrayOutputStream                      : loaded 2 times (x 102B)
Class com.google.common.collect.IndexedImmutableSet$1                                 : loaded 2 times (x 213B)
Class com.google.common.cache.CacheBuilder$OneWeigher                                 : loaded 2 times (x 82B)
Class com.google.common.collect.RegularImmutableList                                  : loaded 2 times (x 213B)
Class com.google.common.reflect.Types$ClassOwnership$1LocalClass                      : loaded 2 times (x 71B)
Class org.gradle.internal.classloader.ClasspathUtil                                   : loaded 2 times (x 71B)
Class kotlin.io.FileSystemException                                                   : loaded 2 times (x 82B)
Class com.google.common.base.Charsets                                                 : loaded 2 times (x 71B)
Class com.google.common.util.concurrent.Uninterruptibles                              : loaded 2 times (x 71B)
Class kotlin.jvm.internal.DefaultConstructorMarker                                    : loaded 2 times (x 71B)
Class com.google.common.io.CharSource                                                 : loaded 2 times (x 85B)
Class com.google.common.collect.Maps                                                  : loaded 2 times (x 71B)
Class org.gradle.api.specs.Spec                                                       : loaded 2 times (x 70B)
Class org.jetbrains.kotlin.name.Name                                                  : loaded 2 times (x 75B)
Class com.google.common.collect.MapMaker                                              : loaded 2 times (x 72B)
Class org.apache.commons.io.file.PathFilter                                           : loaded 2 times (x 70B)
Class com.google.common.reflect.Types$JavaVersion                                     : loaded 2 times (x 83B)
Class [Lcom.google.common.collect.ImmutableEntry;                                     : loaded 2 times (x 69B)
Class com.google.common.cache.LocalCache$LoadingValueReference                        : loaded 2 times (x 96B)
Class ijKotlinCoroutineJvmDebugInit2_b2xpq2jc3eg86hwpcv7cz6jib$_run_closure1          : loaded 2 times (x 139B)
Class kotlin.collections.EmptyIterator                                                : loaded 2 times (x 89B)
Class kotlin.SynchronizedLazyImpl                                                     : loaded 2 times (x 76B)
Class kotlin.text.StringsKt__RegexExtensionsKt                                        : loaded 2 times (x 71B)
Class com.google.common.collect.FluentIterable$2                                      : loaded 2 times (x 81B)
Class com.google.common.collect.MapMakerInternalMap$StrongKeyDummyValueEntry          : loaded 2 times (x 82B)
Class com.google.common.reflect.Invokable$MethodInvokable                             : loaded 2 times (x 107B)
Class com.google.common.base.Platform                                                 : loaded 2 times (x 71B)
Class kotlin.sequences.SequencesKt__SequencesJVMKt                                    : loaded 2 times (x 71B)
Class kotlin.collections.AbstractList                                                 : loaded 2 times (x 197B)
Class kotlin.collections.AbstractCollection                                           : loaded 2 times (x 117B)
Class [Lorg.objectweb.asm.AnnotationWriter;                                           : loaded 2 times (x 69B)
Class com.google.common.collect.Maps$8                                                : loaded 2 times (x 82B)
Class kotlin.collections.ArrayAsCollection                                            : loaded 2 times (x 105B)
Class kotlin.LazyKt__LazyKt                                                           : loaded 2 times (x 71B)
Class kotlin.text.StringsKt__StringBuilderJVMKt                                       : loaded 2 times (x 71B)
Class [Lcom.google.common.collect.Iterators$EmptyModifiableIterator;                  : loaded 2 times (x 69B)
Class com.google.common.collect.ImmutableRangeSet$Builder                             : loaded 2 times (x 77B)
Class com.google.common.collect.Sets$SetView                                          : loaded 2 times (x 138B)
Class com.google.common.cache.LocalCache$StrongValueReference                         : loaded 2 times (x 90B)
Class com.google.common.util.concurrent.AbstractFuture$SynchronizedHelper             : loaded 2 times (x 78B)
Class kotlin.UNINITIALIZED_VALUE                                                      : loaded 2 times (x 71B)
Class com.google.common.graph.SuccessorsFunction                                      : loaded 2 times (x 70B)
Class org.objectweb.asm.Type                                                          : loaded 2 times (x 72B)
Class org.gradle.internal.classloader.VisitableURLClassLoader$InstrumentingVisitableURLClassLoader: loaded 2 times (x 123B)
Class kotlin.comparisons.ComparisonsKt__ComparisonsKt                                 : loaded 2 times (x 71B)
Class kotlin.ranges.RangesKt__RangesKt                                                : loaded 2 times (x 71B)
Class kotlin.collections.SetsKt___SetsKt                                              : loaded 2 times (x 71B)
Class kotlin.sequences.SequencesKt__SequencesKt                                       : loaded 2 times (x 71B)
Class com.google.common.collect.MapMakerInternalMap$StrongKeyDummyValueEntry$Helper   : loaded 2 times (x 79B)
Class org.apache.commons.io.FileUtils                                                 : loaded 2 times (x 71B)
Class com.google.common.io.Files$FileByteSink                                         : loaded 2 times (x 77B)
Class org.objectweb.asm.ByteVector                                                    : loaded 2 times (x 79B)
Class [Lcom.google.common.cache.CacheBuilder$NullListener;                            : loaded 2 times (x 69B)
Class com.google.common.math.IntMath$1                                                : loaded 2 times (x 71B)
Class org.gradle.internal.classloader.VisitableURLClassLoader$Spec                    : loaded 2 times (x 74B)
Class org.gradle.internal.classpath.DefaultClassPath                                  : loaded 2 times (x 90B)
Class kotlin.comparisons.ComparisonsKt                                                : loaded 2 times (x 71B)
Class kotlin.comparisons.ComparisonsKt___ComparisonsKt                                : loaded 2 times (x 71B)
Class kotlin.sequences.FilteringSequence                                              : loaded 2 times (x 75B)
Class [Lorg.jetbrains.kotlin.build.report.metrics.GradleBuildTime;                    : loaded 2 times (x 69B)
Class com.google.common.base.AbstractIterator                                         : loaded 2 times (x 80B)
Class com.google.common.reflect.Types$ClassOwnership                                  : loaded 2 times (x 80B)
Class org.objectweb.asm.Symbol                                                        : loaded 2 times (x 73B)
Class com.google.common.io.Closer                                                     : loaded 2 times (x 78B)
Class com.google.common.base.CharMatcher$Ascii                                        : loaded 2 times (x 112B)
Class com.google.common.base.CharMatcher$BitSetMatcher                                : loaded 2 times (x 112B)
Class com.google.common.collect.RegularImmutableMap$Values                            : loaded 2 times (x 207B)
Class com.google.common.collect.ImmutableSet                                          : loaded 2 times (x 145B)
Class org.gradle.internal.classloader.ClassLoaderSpec                                 : loaded 2 times (x 71B)
Class kotlin.collections.CollectionsKt___CollectionsJvmKt                             : loaded 2 times (x 71B)
Class com.google.common.io.ByteSource$EmptyByteSource                                 : loaded 2 times (x 85B)
Class org.objectweb.asm.AnnotationWriter                                              : loaded 2 times (x 79B)
Class com.google.common.cache.CacheStats                                              : loaded 2 times (x 71B)
Class kotlin.TuplesKt                                                                 : loaded 2 times (x 71B)
Class kotlin.Unit                                                                     : loaded 2 times (x 71B)
Class kotlin.sequences.SequencesKt___SequencesJvmKt                                   : loaded 2 times (x 71B)
Class com.google.common.collect.Interners                                             : loaded 2 times (x 71B)
Class com.google.common.io.LineProcessor                                              : loaded 2 times (x 70B)
Class com.google.common.io.Closer$Suppressor                                          : loaded 2 times (x 70B)
Class org.objectweb.asm.RecordComponentWriter                                         : loaded 2 times (x 78B)
Class com.google.common.util.concurrent.AbstractFuture$Listener                       : loaded 2 times (x 72B)
Class com.google.common.base.CharMatcher$Or                                           : loaded 2 times (x 112B)
Class Settings_gradle$1$1                                                             : loaded 2 times (x 74B)
Class kotlin.ranges.RangesKt                                                          : loaded 2 times (x 71B)
Class org.objectweb.asm.Attribute                                                     : loaded 2 times (x 77B)
Class com.google.common.base.Supplier                                                 : loaded 2 times (x 70B)
Class org.gradle.internal.classloader.VisitableURLClassLoader                         : loaded 2 times (x 117B)
Class kotlin.collections.ArraysUtilJVM                                                : loaded 2 times (x 71B)
Class kotlin.jvm.functions.Function0                                                  : loaded 2 times (x 70B)
Class com.google.common.collect.ImmutableList$SerializedForm                          : loaded 2 times (x 73B)
Class com.google.common.util.concurrent.AbstractFuture$Waiter                         : loaded 2 times (x 72B)
Class Settings_gradle                                                                 : loaded 2 times (x 128B)
Class org.gradle.internal.Cast                                                        : loaded 2 times (x 71B)
Class org.gradle.api.Action                                                           : loaded 2 times (x 70B)
Class kotlin.jvm.functions.Function1                                                  : loaded 2 times (x 70B)
Class com.google.common.collect.MapMakerInternalMap                                   : loaded 2 times (x 161B)
Class com.google.common.base.Strings                                                  : loaded 2 times (x 71B)
Class com.google.common.collect.Sets                                                  : loaded 2 times (x 71B)
Class org.objectweb.asm.Handler                                                       : loaded 2 times (x 72B)
Class com.google.common.base.CharMatcher$FastMatcher                                  : loaded 2 times (x 111B)
Class com.google.common.base.Ticker                                                   : loaded 2 times (x 72B)
Class kotlin.jvm.functions.Function2                                                  : loaded 2 times (x 70B)
Class [Lcom.google.common.cache.LocalCache$Segment;                                   : loaded 2 times (x 69B)
Class com.google.common.base.Predicate                                                : loaded 2 times (x 70B)
Class [Lcom.google.common.cache.LocalCache$Strength;                                  : loaded 2 times (x 69B)
Class com.google.common.cache.CacheBuilder$1                                          : loaded 2 times (x 85B)
Class com.google.common.collect.ImmutableMap                                          : loaded 2 times (x 120B)
Class org.gradle.internal.classpath.DefaultClassPath$ImmutableUniqueList$Builder      : loaded 2 times (x 75B)
Class kotlin.jvm.functions.Function3                                                  : loaded 2 times (x 70B)
Class kotlin.collections.MapsKt___MapsJvmKt                                           : loaded 2 times (x 71B)
Class com.google.common.collect.MapMakerInternalMap$WeakValueReference                : loaded 2 times (x 70B)
Class com.google.common.collect.AbstractRangeSet                                      : loaded 2 times (x 114B)
Class com.google.common.base.CharMatcher$NegatedFastMatcher                           : loaded 2 times (x 113B)
Class com.google.common.cache.LocalCache                                              : loaded 2 times (x 187B)
Class com.google.common.cache.CacheBuilder$2                                          : loaded 2 times (x 79B)
Class kotlin.collections.EmptySet                                                     : loaded 2 times (x 122B)
Class kotlin.collections.CollectionsKt___CollectionsKt                                : loaded 2 times (x 71B)
Class com.google.common.collect.ArrayListMultimap                                     : loaded 2 times (x 172B)
Class com.google.common.cache.CacheBuilder$3                                          : loaded 2 times (x 72B)
Class [Lcom.google.common.collect.AbstractMapEntry;                                   : loaded 2 times (x 69B)
Class com.google.common.collect.ImmutableEntry                                        : loaded 2 times (x 82B)
Class org.gradle.api.GradleException                                                  : loaded 2 times (x 82B)
Class kotlin.reflect.KDeclarationContainer                                            : loaded 2 times (x 70B)
Class kotlin.text.StringsKt___StringsJvmKt                                            : loaded 2 times (x 71B)
Class org.apache.commons.io.StandardLineSeparator                                     : loaded 2 times (x 79B)
Class com.google.common.base.Suppliers$MemoizingSupplier                              : loaded 2 times (x 79B)
Class com.google.common.collect.CollectPreconditions                                  : loaded 2 times (x 71B)
Class kotlin.collections.MapsKt___MapsKt                                              : loaded 2 times (x 71B)
Class kotlin.io.FilesKt                                                               : loaded 2 times (x 71B)
Class kotlin.collections.ArraysKt___ArraysKt                                          : loaded 2 times (x 71B)
Class [Lcom.google.common.collect.MapMakerInternalMap$Strength;                       : loaded 2 times (x 69B)
Class com.google.common.collect.SortedMapDifference                                   : loaded 2 times (x 70B)
Class kotlin.collections.MapsKt__MapWithDefaultKt                                     : loaded 2 times (x 71B)
Class com.google.common.collect.MapMakerInternalMap$StrongKeyDummyValueSegment        : loaded 2 times (x 142B)
Class com.google.common.collect.Iterables$4                                           : loaded 2 times (x 81B)
Class com.google.common.io.Files                                                      : loaded 2 times (x 71B)
Class com.google.common.cache.LocalCache$EntryFactory                                 : loaded 2 times (x 83B)
Class kotlin.collections.CollectionsKt__MutableCollectionsJVMKt                       : loaded 2 times (x 71B)
Class kotlin.enums.EnumEntriesKt                                                      : loaded 2 times (x 71B)
Class kotlin.text.StringsKt___StringsKt                                               : loaded 2 times (x 71B)
Class [Lcom.google.common.collect.MapMaker$Dummy;                                     : loaded 2 times (x 69B)
Class com.google.common.base.CharMatcher$Whitespace                                   : loaded 2 times (x 112B)
Class com.google.common.base.Splitter$1$1                                             : loaded 2 times (x 86B)
Class com.google.common.reflect.Types$NativeTypeVariableEquals                        : loaded 2 times (x 71B)
Class com.google.common.reflect.TypeParameter                                         : loaded 2 times (x 72B)
Class com.google.common.cache.LocalCache$AbstractReferenceEntry                       : loaded 2 times (x 107B)
Class org.gradle.internal.IoActions                                                   : loaded 2 times (x 71B)
Class com.google.common.collect.ImmutableMapKeySet                                    : loaded 2 times (x 152B)
Class com.google.common.collect.ImmutableRangeSet$ComplementRanges                    : loaded 2 times (x 207B)
Class org.objectweb.asm.SymbolTable                                                   : loaded 2 times (x 72B)
Class com.google.common.cache.CacheLoader$InvalidCacheLoadException                   : loaded 2 times (x 82B)
Class com.google.common.collect.ImmutableSet$RegularSetBuilderImpl                    : loaded 2 times (x 77B)
Class org.gradle.internal.classloader.SystemClassLoaderSpec                           : loaded 2 times (x 71B)
Class kotlin.reflect.KAnnotatedElement                                                : loaded 2 times (x 70B)
Class kotlin.jvm.internal.Intrinsics                                                  : loaded 2 times (x 71B)
Class com.google.common.collect.FluentIterable                                        : loaded 2 times (x 81B)
Class com.google.common.cache.LocalCache$StrongEntry                                  : loaded 2 times (x 108B)
Class com.google.common.util.concurrent.AbstractFuture$TrustedFuture                  : loaded 2 times (x 114B)
Class com.google.common.cache.LoadingCache                                            : loaded 2 times (x 70B)
Class kotlin.collections.MapsKt                                                       : loaded 2 times (x 71B)
Class kotlin.collections.CollectionsKt__IterablesKt                                   : loaded 2 times (x 71B)
Class com.google.common.io.ByteStreams$LimitedInputStream                             : loaded 2 times (x 92B)
Class com.google.common.base.Suppliers$NonSerializableMemoizingSupplier               : loaded 2 times (x 79B)
Class org.objectweb.asm.MethodWriter                                                  : loaded 2 times (x 106B)
Class [Lcom.google.common.cache.Weigher;                                              : loaded 2 times (x 69B)
Class com.google.common.collect.RegularImmutableMap$BucketOverflowException           : loaded 2 times (x 82B)
Class kotlin.KotlinNullPointerException                                               : loaded 2 times (x 83B)
Class kotlin.ranges.RangesKt___RangesKt                                               : loaded 2 times (x 71B)
Class com.google.common.collect.AbstractIterator$State                                : loaded 2 times (x 79B)
Class com.google.common.reflect.Types$JavaVersion$1                                   : loaded 2 times (x 83B)
Class com.google.common.collect.RegularImmutableBiMap                                 : loaded 2 times (x 149B)
Class com.google.common.base.CharMatcher$Negated                                      : loaded 2 times (x 113B)
Class com.google.common.base.CharMatcher$Is                                           : loaded 2 times (x 111B)
Class com.google.common.cache.LocalCache$ValueReference                               : loaded 2 times (x 70B)
Class kotlin.collections.ArraysKt                                                     : loaded 2 times (x 71B)
Class com.google.common.hash.PrimitiveSink                                            : loaded 2 times (x 70B)
Class com.google.common.reflect.Types$JavaVersion$2                                   : loaded 2 times (x 83B)
Class com.google.common.reflect.Types                                                 : loaded 2 times (x 71B)
Class com.google.common.base.PatternCompiler                                          : loaded 2 times (x 70B)
Class com.google.common.util.concurrent.AbstractFuture$Failure                        : loaded 2 times (x 72B)
Class com.google.common.base.Equivalence$Equals                                       : loaded 2 times (x 82B)
Class com.google.common.collect.Hashing                                               : loaded 2 times (x 71B)
Class com.google.common.base.Preconditions                                            : loaded 2 times (x 71B)
Class kotlin.collections.SetsKt__SetsKt                                               : loaded 2 times (x 71B)
Class kotlin.LazyKt                                                                   : loaded 2 times (x 71B)
Class [Lorg.apache.commons.io.file.DeleteOption;                                      : loaded 2 times (x 69B)
Class com.google.common.reflect.Types$JavaVersion$3                                   : loaded 2 times (x 83B)
Class com.google.common.base.Joiner$1                                                 : loaded 2 times (x 80B)
Class org.objectweb.asm.Label                                                         : loaded 2 times (x 73B)
Class org.objectweb.asm.CurrentFrame                                                  : loaded 2 times (x 73B)
Class org.objectweb.asm.ClassTooLargeException                                        : loaded 2 times (x 83B)
Class com.google.common.base.CharMatcher                                              : loaded 2 times (x 111B)
Class com.google.common.collect.PeekingIterator                                       : loaded 2 times (x 70B)
Class kotlin.collections.ArraysKt__ArraysJVMKt                                        : loaded 2 times (x 71B)
Class com.google.common.io.ByteSource$AsCharSource                                    : loaded 2 times (x 86B)
Class com.google.common.collect.Table                                                 : loaded 2 times (x 70B)
Class com.google.common.collect.MapMakerInternalMap$InternalEntryHelper               : loaded 2 times (x 70B)
Class com.google.common.reflect.Types$JavaVersion$4                                   : loaded 2 times (x 83B)
Class com.google.common.collect.Maps$IteratorBasedAbstractMap                         : loaded 2 times (x 125B)
Class com.google.common.collect.RangeGwtSerializationDependencies                     : loaded 2 times (x 71B)
Class com.google.common.base.Joiner$2                                                 : loaded 2 times (x 79B)
Class org.objectweb.asm.Frame                                                         : loaded 2 times (x 73B)
Class org.objectweb.asm.MethodVisitor                                                 : loaded 2 times (x 105B)
Class com.google.common.base.CharMatcher$1                                            : loaded 2 times (x 113B)
Class com.google.common.base.CharMatcher$NamedFastMatcher                             : loaded 2 times (x 112B)
Class com.google.common.cache.LocalCache$EntryFactory$1                               : loaded 2 times (x 83B)
Class [Lcom.google.common.cache.RemovalListener;                                      : loaded 2 times (x 69B)
Class kotlin.jvm.internal.CallableReference$NoReceiver                                : loaded 2 times (x 71B)
Class kotlin.text.StringsKt__StringBuilderKt                                          : loaded 2 times (x 71B)
Class com.google.common.reflect.Types$JavaVersion$5                                   : loaded 2 times (x 71B)
Class [Lcom.google.common.reflect.Types$ClassOwnership;                               : loaded 2 times (x 69B)
Class com.google.common.collect.RangeSet                                              : loaded 2 times (x 70B)
Class com.google.common.cache.LocalCache$EntryFactory$2                               : loaded 2 times (x 83B)
Class org.gradle.api.internal.classpath.GlobalCacheRootsProvider                      : loaded 2 times (x 70B)
Class kotlin.Lazy                                                                     : loaded 2 times (x 70B)
Class kotlin.NoWhenBranchMatchedException                                             : loaded 2 times (x 82B)
Class com.google.common.collect.CollectCollectors                                     : loaded 2 times (x 71B)
Class org.objectweb.asm.ModuleWriter                                                  : loaded 2 times (x 82B)
Class com.google.common.cache.LocalCache$EntryFactory$3                               : loaded 2 times (x 83B)
Class com.google.common.base.Ticker$1                                                 : loaded 2 times (x 72B)
Class com.google.common.collect.Maps$BiMapConverter                                   : loaded 2 times (x 90B)
Class com.google.common.collect.ImmutableMapEntrySet$RegularEntrySet                  : loaded 2 times (x 152B)
Class [Lkotlin.jvm.functions.Function1;                                               : loaded 2 times (x 69B)
Class com.google.common.base.CharMatcher$InRange                                      : loaded 2 times (x 111B)
Class com.google.common.cache.LocalCache$EntryFactory$4                               : loaded 2 times (x 83B)
Class com.google.common.collect.ImmutableSet$Builder                                  : loaded 2 times (x 85B)
Class kotlin.sequences.ConstrainedOnceSequence                                        : loaded 2 times (x 75B)
Class com.google.common.io.ByteStreams$1                                              : loaded 2 times (x 85B)
Class com.google.common.cache.LocalCache$EntryFactory$5                               : loaded 2 times (x 83B)
Class kotlin.jvm.internal.markers.KMappedMarker                                       : loaded 2 times (x 70B)
Class kotlin.NotImplementedError                                                      : loaded 2 times (x 82B)
Class org.apache.commons.io.output.AppendableWriter                                   : loaded 2 times (x 100B)
Class com.google.common.cache.LocalCache$EntryFactory$6                               : loaded 2 times (x 83B)
Class org.gradle.internal.installation.CurrentGradleInstallationLocator               : loaded 2 times (x 71B)
Class com.google.common.io.ByteSource$SlicedByteSource                                : loaded 2 times (x 85B)
Class org.apache.commons.io.output.ThresholdingOutputStream                           : loaded 2 times (x 95B)
Class com.google.common.collect.Maps$KeySet                                           : loaded 2 times (x 137B)
Class com.google.common.cache.LocalCache$EntryFactory$7                               : loaded 2 times (x 83B)
Class com.google.common.collect.ImmutableSet$EmptySetBuilderImpl                      : loaded 2 times (x 76B)
Class com.google.common.collect.ImmutableList                                         : loaded 2 times (x 206B)
Class org.gradle.internal.service.DefaultServiceLocator                               : loaded 2 times (x 83B)
Class com.google.common.cache.LocalCache$EntryFactory$8                               : loaded 2 times (x 83B)
Class com.google.common.collect.ImmutableSet$SetBuilderImpl                           : loaded 2 times (x 76B)
Class ijKotlinCoroutineJvmDebugInit2_b2xpq2jc3eg86hwpcv7cz6jib$_run_closure1$_closure2: loaded 2 times (x 139B)
Class org.gradle.internal.installation.CurrentGradleInstallation                      : loaded 2 times (x 73B)
Class com.google.common.cache.CacheLoader$1                                           : loaded 2 times (x 75B)
Class com.google.common.collect.ForwardingObject                                      : loaded 2 times (x 72B)
Class com.google.common.collect.ImmutableList$SubList                                 : loaded 2 times (x 209B)
Class org.gradle.util.internal.GUtil                                                  : loaded 2 times (x 71B)
Class kotlin.io.NoSuchFileException                                                   : loaded 2 times (x 82B)
Class kotlin.collections.CollectionsKt                                                : loaded 2 times (x 71B)
Class com.google.common.io.ByteSource                                                 : loaded 2 times (x 84B)
Class com.google.common.util.concurrent.AbstractFuture$SetFuture                      : loaded 2 times (x 75B)
Class com.google.common.cache.AbstractCache$StatsCounter                              : loaded 2 times (x 70B)
Class com.google.common.collect.MapMakerInternalMap$1                                 : loaded 2 times (x 83B)
Class com.google.common.reflect.Types$TypeVariableImpl                                : loaded 2 times (x 72B)
Class com.google.common.collect.Iterators$MergingIterator                             : loaded 2 times (x 81B)
Class com.google.common.collect.RegularImmutableSet                                   : loaded 2 times (x 149B)
Class org.gradle.internal.installation.GradleInstallation                             : loaded 2 times (x 75B)
Class kotlin.collections.CollectionsKt__IteratorsJVMKt$iterator$1                     : loaded 2 times (x 79B)
Class com.google.common.base.Splitter$Strategy                                        : loaded 2 times (x 70B)
Class com.google.common.collect.Iterables                                             : loaded 2 times (x 71B)
Class kotlin.jvm.KotlinReflectionNotSupportedError                                    : loaded 2 times (x 82B)

---------------  S Y S T E M  ---------------

OS:
 Windows 11 , 64 bit Build 26100 (10.0.26100.7309)
OS uptime: 5 days 4:43 hours
Hyper-V role detected

CPU: total 16 (initial active 16) (8 cores per cpu, 2 threads per core) family 6 model 158 stepping 13 microcode 0x100, cx8, cmov, fxsr, ht, mmx, 3dnowpref, sse, sse2, sse3, ssse3, sse4.1, sse4.2, popcnt, lzcnt, tsc, tscinvbit, avx, avx2, aes, erms, clmul, bmi1, bmi2, adx, fma, vzeroupper, clflush, clflushopt, hv, rdtscp, f16c
Processor Information for the first 16 processors :
  Max Mhz: 2304, Current Mhz: 2304, Mhz Limit: 2304

Memory: 4k page, system-wide physical 32574M (10473M free)
TotalPageFile size 32574M (AvailPageFile size 26M)
current process WorkingSet (physical memory assigned to process): 1990M, peak: 2005M
current process commit charge ("private bytes"): 2051M, peak: 2068M

vm_info: OpenJDK 64-Bit Server VM (21.0.8+-14196175-b1038.72) for windows-amd64 JRE (21.0.8+-14196175-b1038.72), built on 2025-10-01T10:24:33Z by "builder" with MS VC++ 16.10 / 16.11 (VS2019)

END.
